datetime,price_act,electricity_demand,solar_generation,wind_generation,tempc,cloud8,windmps,wdir,rainmm,humid,radjcm2
2024/6/1 0:00,12.35,2323,0,2.2,18,8,1,80,0.43,98,0
2024/6/1 0:30,12.35,2263,0,2.25,17.8,8,1,155,0.455,98.5,0
2024/6/1 1:00,12.3,2203,0,2.3,17.6,8,1,230,0.48,99,0
2024/6/1 1:30,12.3,2191,0,2.275,17.75,8,1.5,145,0.46,98.5,0
2024/6/1 2:00,12.3,2179,0,2.25,17.9,8,2,60,0.44,98,0
2024/6/1 2:30,12.21,2194,0,2.55,18.05,8,2,100,0.525,96,0
2024/6/1 3:00,12.21,2209,0,2.85,18.2,8,2,140,0.61,94,0
2024/6/1 3:30,12.21,2208,0.166666667,2.9,18,8,1.5,110,0.595,94,0
2024/6/1 4:00,12.21,2207,0.333333333,2.95,17.8,8,1,80,0.58,94,0
2024/6/1 4:30,12.02,2179,29.66666667,2.975,17.85,7.5,1,95,0.72,94,1
2024/6/1 5:00,11.57,2151,59,3,17.9,7,1,110,0.86,94,2
2024/6/1 5:30,10.43,2147,150.8333334,2.95,18.15,7,1,95,0.48,94,17.5
2024/6/1 6:00,10.19,2143,242.6666667,2.9,18.4,7,1,80,0.1,94,33
2024/6/1 6:30,9.3,2196,370.7916667,2.45,18.75,7,1.5,65,0.065,90,54.5
2024/6/1 7:00,5,2249,498.9166667,2,19.1,7,2,50,0.03,86,76
2024/6/1 7:30,10.04,2364,636.9166667,1.775,19.2,7,1.5,55,0.015,86,101.5
2024/6/1 8:00,9.67,2479,774.9166667,1.55,19.3,7,1,60,0,86,127
2024/6/1 8:30,9.32,2585,933.8749999,1.625,20.05,7,1,60,0,80.5,153
2024/6/1 9:00,8.95,2691,1092.833333,1.7,20.8,7,1,60,0,75,179
2024/6/1 9:30,8,2795,1258.125,1.775,21.35,7,1.5,55,0,70.5,189.5
2024/6/1 10:00,7.55,2899,1423.416667,1.85,21.9,7,2,50,0,66,200
2024/6/1 10:30,7.55,2983,1504.875,1.9,22.65,7,2,55,0.01,61.5,200.5
2024/6/1 11:00,7.55,3067,1586.333333,1.95,23.4,7,2,60,0.02,57,201
2024/6/1 11:30,7.55,3057.5,1557.833333,1.925,24.05,7,2.5,65,0.02,56.5,191
2024/6/1 12:00,7.55,3048,1529.333333,1.9,24.7,7,3,70,0.02,56,181
2024/6/1 12:30,7.55,3040,1460.5,2,24.9,7,3,110,0.01,56.5,197.5
2024/6/1 13:00,7.55,3032,1391.666667,2.1,25.1,7,3,150,0,57,214
2024/6/1 13:30,9.67,2992,1250.875,2.25,25.4,7,3.5,155,0,57,219
2024/6/1 14:00,7,2952,1110.083333,2.4,25.7,7,4,160,0,57,224
2024/6/1 14:30,1,2908,957.9999999,2.55,25.65,7,4,125,0.01,52.5,216.5
2024/6/1 15:00,11.57,2864,805.9166667,2.7,25.6,7,4,90,0.02,48,209
2024/6/1 15:30,11.51,2851,636.5,2.625,25.4,7,4,105,0.04,51,179
2024/6/1 16:00,11.6,2838,467.0833333,2.55,25.2,7,4,120,0.06,54,149
2024/6/1 16:30,12.08,2816.5,317.25,2.675,24.4,7,4.5,135,0.045,58.5,121
2024/6/1 17:00,12.02,2795,167.4166667,2.8,23.6,7,5,150,0.03,63,93
2024/6/1 17:30,12.21,2790.5,92.66666669,3,23.1,7,4.5,130,0.04,63,68.5
2024/6/1 18:00,12.89,2786,17.91666667,3.2,22.6,7,4,110,0.05,63,44
2024/6/1 18:30,12.94,2789,8.958333335,3.15,21.75,7,3.5,120,0.07,65.5,24.5
2024/6/1 19:00,12.97,2792,0,3.1,20.9,7,3,130,0.09,68,5
2024/6/1 19:30,12.57,2738,0,3.075,20.5,6.5,3.5,105,0.11,69.5,2.5
2024/6/1 20:00,12.22,2684,0,3.05,20.1,6,4,80,0.13,71,0
2024/6/1 20:30,12.58,2614.5,0,3.275,19.6,6,3.5,75,0.09,74,0
2024/6/1 21:00,12.35,2545,0,3.5,19.1,6,3,70,0.05,77,0
2024/6/1 21:30,12.21,2488,0,3.475,18.9,6,3,70,0.05,78,0
2024/6/1 22:00,12.11,2431,0,3.45,18.7,6,3,70,0.05,79,0
2024/6/1 22:30,12.11,2385,0,3.475,18.65,6,3,70,0.05,79.5,0
2024/6/1 23:00,12.18,2339,0,3.5,18.6,6,3,70,0.05,80,0
2024/6/1 23:30,12.05,2263.5,0,3.45,18.5,6,2.5,85,0.04,81,0
2024/6/2 0:00,11.59,2188,0,3.4,18.4,6,2,100,0.03,82,0
2024/6/2 0:30,11.53,2133.5,0,3.325,18.4,6.5,2.5,80,0.045,81,0
2024/6/2 1:00,11.41,2079,0,3.25,18.4,7,3,60,0.06,80,0
2024/6/2 1:30,11.42,2067.5,0,3.3,18.35,7,2.5,40,0.115,80,0
2024/6/2 2:00,11.49,2056,0,3.35,18.3,7,2,20,0.17,80,0
2024/6/2 2:30,11.54,2073,0,3.225,18.1,7,2.5,25,0.185,81.5,0
2024/6/2 3:00,11.54,2090,0,3.1,17.9,7,3,30,0.2,83,0
2024/6/2 3:30,11.57,2101.5,0.166666667,3.3,17.25,7,3,50,0.15,88,0
2024/6/2 4:00,11.65,2113,0.333333333,3.5,16.6,7,3,70,0.1,93,0
2024/6/2 4:30,11.62,2102,22.95833333,3.575,16.55,7,2,60,0.08,93.5,0.5
2024/6/2 5:00,11.46,2091,45.58333333,3.65,16.5,7,1,50,0.06,94,1
2024/6/2 5:30,10.39,2086.5,115.7916667,3.475,16.6,7,1,35,0.08,95,8.5
2024/6/2 6:00,8.5,2082,186,3.3,16.7,7,1,20,0.1,96,16
2024/6/2 6:30,7.71,2131.5,276.3333334,3.1,17.1,7,1,170,0.135,95,37.5
2024/6/2 7:00,1,2181,366.6666667,2.9,17.5,7,1,320,0.17,94,59
2024/6/2 7:30,1,2262.5,484.7916667,2.8,18.15,6.5,1,320,0.225,88,93
2024/6/2 8:00,1.9,2344,602.9166667,2.7,18.8,6,1,320,0.28,82,127
2024/6/2 8:30,1,2451,721.9166667,2.625,19.65,6,1,190,0.31,77.5,167.5
2024/6/2 9:00,1.01,2558,840.9166667,2.55,20.5,6,1,60,0.34,73,208
2024/6/2 9:30,10.95,2611.5,862.625,2.475,21.1,6,2,75,0.32,69.5,214.5
2024/6/2 10:00,11.08,2665,884.3333333,2.4,21.7,6,3,90,0.3,66,221
2024/6/2 10:30,10.96,2698,833.375,2.4,22.3,6.5,3.5,115,0.265,65.5,211
2024/6/2 11:00,11,2731,782.4166667,2.4,22.9,7,4,140,0.23,65,201
2024/6/2 11:30,10.89,2719,697.7916667,2.45,22.75,7,3.5,140,0.245,65,175
2024/6/2 12:00,11,2707,613.1666667,2.5,22.6,7,3,140,0.26,65,149
2024/6/2 12:30,11.08,2689.5,538,2.775,22.45,7,3.5,145,0.495,66,136
2024/6/2 13:00,11.24,2672,462.8333333,3.05,22.3,7,4,150,0.73,67,123
2024/6/2 13:30,7.71,2676.5,390.2083333,2.975,21.45,7.5,3.5,145,0.775,74.5,106.5
2024/6/2 14:00,7.71,2681,317.5833333,2.9,20.6,8,3,140,0.82,82,90
2024/6/2 14:30,10,2653,231.125,2.975,20.2,8,3,220,0.82,87.5,73
2024/6/2 15:00,10.21,2625,144.6666667,3.05,19.8,8,3,300,0.82,93,56
2024/6/2 15:30,10.18,2624.5,107.6666667,3.125,19.05,8,3.5,155,0.745,95.5,45.5
2024/6/2 16:00,10.16,2624,70.66666667,3.2,18.3,8,4,10,0.67,98,35
2024/6/2 16:30,11,2673,56.20833334,3.3,18.25,8,3.5,10,0.61,98,26.5
2024/6/2 17:00,12.14,2722,41.75,3.4,18.2,8,3,10,0.55,98,18
2024/6/2 17:30,12.39,2756,23.95833333,3.4,17.8,8,2,20,0.605,99,12.5
2024/6/2 18:00,12.5,2790,6.166666667,3.4,17.4,8,1,30,0.66,100,7
2024/6/2 18:30,12.58,2779.5,3.083333334,3.65,17.45,8,1,40,1.28,100,4
2024/6/2 19:00,13,2769,0,3.9,17.5,8,1,50,1.9,100,1
2024/6/2 19:30,12.32,2728,0,4.1,17.5,8,1,52.5,1.715,100,0.5
2024/6/2 20:00,12.27,2687,0,4.3,17.5,8,1,55,1.53,100,0
2024/6/2 20:30,12.32,2624.5,0,4.55,17.5,8,1,57.5,1.345,99.5,0
2024/6/2 21:00,12.21,2562,0,4.8,17.5,8,1,60,1.16,99,0
2024/6/2 21:30,12.22,2492.5,0,4.575,17.45,8,1.5,55,0.83,99,0
2024/6/2 22:00,12.2,2423,0,4.35,17.4,8,2,50,0.5,99,0
2024/6/2 22:30,12.1,2369,0,4.075,17.35,8,2,50,0.485,99,0
2024/6/2 23:00,11.97,2315,0,3.8,17.3,8,2,50,0.47,99,0
2024/6/2 23:30,11.57,2242.5,0,3.325,17.3,8,1.5,30,0.515,99.5,0
2024/6/3 0:00,12,2170,0,2.85,17.3,8,1,10,0.56,100,0
2024/6/3 0:30,11.69,2121,0,2.6,16.9,8,2,180,0.34,99.5,0
2024/6/3 1:00,11.78,2072,0,2.35,16.5,8,3,350,0.12,99,0
2024/6/3 1:30,11.6,2070,0,2.1,16.15,8,3,335,0.075,98.5,0
2024/6/3 2:00,11.98,2068,0,1.85,15.8,8,3,320,0.03,98,0
2024/6/3 2:30,12.01,2090.5,0,1.75,15.65,8,2.5,320,0.035,98,0
2024/6/3 3:00,11.98,2113,0,1.65,15.5,8,2,320,0.04,98,0
2024/6/3 3:30,11.97,2133,0.166666667,1.8,15.45,8,2.5,330,0.045,97.5,0
2024/6/3 4:00,11.94,2153,0.333333333,1.95,15.4,8,3,340,0.05,97,0
2024/6/3 4:30,12.14,2163.5,25.70833333,1.95,15.55,8,2,340,0.045,95.5,0
2024/6/3 5:00,11.66,2174,51.08333333,1.95,15.7,8,1,340,0.04,94,0
2024/6/3 5:30,11.57,2229,129.0833333,1.825,15.75,8,1.5,335,0.04,94,2.5
2024/6/3 6:00,11.23,2284,207.0833333,1.7,15.8,8,2,330,0.04,94,5
2024/6/3 6:30,11.13,2394.5,341.1666667,1.675,16.15,8,2.5,335,0.04,94,8
2024/6/3 7:00,11.06,2505,475.25,1.65,16.5,8,3,340,0.04,94,11
2024/6/3 7:30,10.9,2675,646.625,1.6,16.85,8,2.5,345,0.04,91.5,14.5
2024/6/3 8:00,10.9,2845,818,1.55,17.2,8,2,350,0.04,89,18
2024/6/3 8:30,10.96,3007,954.5,1.425,18,8,1.5,350,0.04,88,21.5
2024/6/3 9:00,10.9,3169,1091,1.3,18.8,8,1,350,0.04,87,25
2024/6/3 9:30,10.64,3256.5,1202.791667,1.2,19.4,8,1,190,0.035,84.5,45
2024/6/3 10:00,10.64,3344,1314.583333,1.1,20,8,1,30,0.03,82,65
2024/6/3 10:30,10.29,3386.5,1349.916667,1.075,20.85,7.5,1,50,0.035,75,87
2024/6/3 11:00,9.82,3429,1385.25,1.05,21.7,7,1,70,0.04,68,109
2024/6/3 11:30,9.5,3381,1355.166667,1.075,22.35,7,1,105,0.04,67,129
2024/6/3 12:00,5,3333,1325.083333,1.1,23,7,1,140,0.04,66,149
2024/6/3 12:30,1,3365,1244.958333,1.075,22.45,6.5,1,165,0.05,69.5,177
2024/6/3 13:00,10.14,3397,1164.833333,1.05,21.9,6,1,190,0.06,73,205
2024/6/3 13:30,11.38,3391.5,1080.041667,1.25,22.65,6,1.5,165,0.075,68,218
2024/6/3 14:00,11.57,3386,995.25,1.45,23.4,6,2,140,0.09,63,231
2024/6/3 14:30,11.78,3376.5,869.2916667,1.6,23.45,5.5,3,140,0.115,62.5,227
2024/6/3 15:00,11.97,3367,743.3333333,1.75,23.5,5,4,140,0.14,62,223
2024/6/3 15:30,12.43,3350,569.0833333,2.075,23.05,5.5,4,150,0.32,64.5,182
2024/6/3 16:00,12.32,3333,394.8333333,2.4,22.6,6,4,160,0.5,67,141
2024/6/3 16:30,12.36,3268.5,262.3333333,2.6,20.9,6,4.5,235,0.575,78,105.5
2024/6/3 17:00,12.36,3204,129.8333333,2.8,19.2,6,5,310,0.65,89,70
2024/6/3 17:30,12.81,3166,72.04166665,2.4,18.8,6.5,3,275,0.65,94,46
2024/6/3 18:00,12.77,3128,14.25,2,18.4,7,1,240,0.65,99,22
2024/6/3 18:30,13,3089.5,7.125,2.1,17.95,7,1.5,160,0.895,97.5,12
2024/6/3 19:00,12.89,3051,0,2.2,17.5,7,2,80,1.14,96,2
2024/6/3 19:30,12.5,2981.5,0,2.275,17.75,7.5,2.5,70,1.105,97,1
2024/6/3 20:00,12.57,2912,0,2.35,18,8,3,60,1.07,98,0
2024/6/3 20:30,12.21,2835,0,2.575,17.45,8,3,40,1.055,96,0
2024/6/3 21:00,12.22,2758,0,2.8,16.9,8,3,20,1.04,94,0
2024/6/3 21:30,12,2700,0,3.025,16.25,7.5,3,25,0.725,96,0
2024/6/3 22:00,12.81,2642,0,3.25,15.6,7,3,30,0.41,98,0
2024/6/3 22:30,12.65,2572,0,3.225,15.55,6.5,3.5,35,0.36,97.5,0
2024/6/3 23:00,12.64,2502,0,3.2,15.5,6,4,40,0.31,97,0
2024/6/3 23:30,12.21,2411,0,4,15.3,5.5,3,190,0.315,98,0
2024/6/4 0:00,12.92,2320,0,4.8,15.1,5,2,340,0.32,99,0
2024/6/4 0:30,13,2262.5,0,4.975,15.45,4.5,2,330,0.235,99,0
2024/6/4 1:00,12.5,2205,0,5.15,15.8,4,2,320,0.15,99,0
2024/6/4 1:30,12.43,2198,0,5.275,15.5,3.5,2.5,310,0.12,99.5,0
2024/6/4 2:00,12.46,2191,0,5.4,15.2,3,3,300,0.09,100,0
2024/6/4 2:30,12.5,2213,0,5.45,15.3,2.5,2,155,0.07,100,0
2024/6/4 3:00,12.5,2235,0,5.5,15.4,2,1,10,0.05,100,0
2024/6/4 3:30,12.21,2240,0.208333334,6,15.3,2,1,165,0.025,99.5,0
2024/6/4 4:00,12.37,2245,0.416666667,6.5,15.2,2,1,320,0,99,0
2024/6/4 4:30,12.22,2252.5,48.20833333,6.5,15.25,2,1,330,0,99,1.5
2024/6/4 5:00,12.01,2260,96,6.5,15.3,2,1,340,0,99,3
2024/6/4 5:30,11.69,2304.5,236.4583334,6.3,15.8,2,1,175,0,98.5,26.5
2024/6/4 6:00,11.23,2349,376.9166667,6.1,16.3,2,1,10,0,98,50
2024/6/4 6:30,11.06,2480,565.125,5.875,16.95,2,1,165,0,95.5,79.5
2024/6/4 7:00,11.22,2611,753.3333333,5.65,17.6,2,1,320,0,93,109
2024/6/4 7:30,11.49,2816.5,903.7083332,5.5,18.6,2,2,165,0,86.5,141.5
2024/6/4 8:00,11.46,3022,1054.083333,5.35,19.6,2,3,10,0,80,174
2024/6/4 8:30,11.57,3161.5,1127.583333,4.925,20.3,2,3,185,0,73.5,205.5
2024/6/4 9:00,11.57,3301,1201.083333,4.5,21,2,3,360,0,67,237
2024/6/4 9:30,11.46,3332.5,1245.291667,4.375,21.75,2.5,4,195,0,63,249
2024/6/4 10:00,11.02,3364,1289.5,4.25,22.5,3,5,30,0,59,261
2024/6/4 10:30,10.61,3405,1337.041667,4.2,22.25,4,4,35,0,60.5,252
2024/6/4 11:00,10.44,3446,1384.583333,4.15,22,5,3,40,0,62,243
2024/6/4 11:30,9.55,3395,1374.958333,4.2,21.9,5.5,3,25,0,60.5,212
2024/6/4 12:00,8.64,3344,1365.333333,4.25,21.8,6,3,10,0,59,181
2024/6/4 12:30,8.64,3382.5,1304.583333,4.45,22.6,5.5,3,15,0,54.5,198
2024/6/4 13:00,10.44,3421,1243.833333,4.65,23.4,5,3,20,0,50,215
2024/6/4 13:30,11.42,3413,1143.375,4.925,23.75,5,3,45,0.035,54,220
2024/6/4 14:00,11.57,3405,1042.916667,5.2,24.1,5,3,70,0.07,58,225
2024/6/4 14:30,11.58,3360,898.4583335,5.475,24.2,4.5,3,60,0.055,54.5,217
2024/6/4 15:00,12.02,3315,754,5.75,24.3,4,3,50,0.04,51,209
2024/6/4 15:30,12.05,3294.5,597.5833334,6.025,24.1,3.5,3,55,0.05,53.5,192
2024/6/4 16:00,11.66,3274,441.1666667,6.3,23.9,3,3,60,0.06,56,175
2024/6/4 16:30,11.94,3223.5,305.7083334,6.85,23.2,3,3,60,0.075,59,149.5
2024/6/4 17:00,12.05,3173,170.25,7.4,22.5,3,3,60,0.09,62,124
2024/6/4 17:30,12.59,3140,97.20833334,7.8,21.7,2.5,3.5,80,0.09,64.5,95.5
2024/6/4 18:00,13.05,3107,24.16666667,8.2,20.9,2,4,100,0.09,67,67
2024/6/4 18:30,14,3077.5,12.08333334,8.95,20.3,3,4,75,0.065,68.5,37
2024/6/4 19:00,13.69,3048,0,9.7,19.7,4,4,50,0.04,70,7
2024/6/4 19:30,12.96,2981,0,10.225,19.45,4.5,3.5,75,0.055,68.5,3.5
2024/6/4 20:00,12.87,2914,0,10.75,19.2,5,3,100,0.07,67,0
2024/6/4 20:30,12.48,2832.5,0,10.95,18.95,6,2,85,0.08,69,0
2024/6/4 21:00,12.35,2751,0,11.15,18.7,7,1,70,0.09,71,0
2024/6/4 21:30,12,2687.5,0,10.925,18.3,7,1,80,0.065,74,0
2024/6/4 22:00,12.21,2624,0,10.7,17.9,7,1,90,0.04,77,0
2024/6/4 22:30,12.02,2556,0,10.65,18.15,7,1,85,0.02,75.5,0
2024/6/4 23:00,12.22,2488,0,10.6,18.4,7,1,80,0,74,0
2024/6/4 23:30,12.05,2402,0,11,18.05,7,1,65,0,77.5,0
2024/6/5 0:00,11.94,2316,0,11.4,17.7,7,1,50,0,81,0
2024/6/5 0:30,11.57,2259,0,11.3,17.65,7,1,65,0,80.5,0
2024/6/5 1:00,11.57,2202,0,11.2,17.6,7,1,80,0,80,0
2024/6/5 1:30,11.57,2195,0,11.225,17.15,7,1,70,0,82.5,0
2024/6/5 2:00,11.57,2188,0,11.25,16.7,7,1,60,0,85,0
2024/6/5 2:30,11.57,2206,0,11.125,17,7,1,70,0,84,0
2024/6/5 3:00,11.57,2224,0,11,17.3,7,1,80,0,83,0
2024/6/5 3:30,11.81,2230.5,0.208333334,11.15,17.2,6.5,1,70,0,83.5,0
2024/6/5 4:00,12.03,2237,0.416666667,11.3,17.1,6,1,60,0,84,0
2024/6/5 4:30,11.81,2240,49.875,10.9,16.95,5.5,1.5,50,0,83.5,1
2024/6/5 5:00,11.57,2243,99.33333333,10.5,16.8,5,2,40,0,83,2
2024/6/5 5:30,11.42,2285,242.1666667,10.4,17.4,4.5,1.5,40,0,81.5,21
2024/6/5 6:00,10.87,2327,385,10.3,18,4,1,40,0,80,40
2024/6/5 6:30,10.47,2453.5,588.375,10.175,18.65,3.5,1,35,0,76.5,69.5
2024/6/5 7:00,10.1,2580,791.75,10.05,19.3,3,1,30,0,73,99
2024/6/5 7:30,8.94,2777.5,976.2916665,9.7,19.95,2.5,2,185,0,70.5,136
2024/6/5 8:00,6,2975,1160.833333,9.35,20.6,2,3,340,0,68,173
2024/6/5 8:30,5,3148,1302.458333,9.05,21.05,1.5,3,325,0,63,210
2024/6/5 9:00,5,3321,1444.083333,8.75,21.5,1,3,310,0,58,247
2024/6/5 9:30,2,3398,1525.708333,8.25,22.5,1,2,315,0,57,276
2024/6/5 10:00,2,3475,1607.333333,7.75,23.5,1,1,320,0,56,305
2024/6/5 10:30,4,3507.5,1635.375,7.225,24.1,1,2,170,0,52.5,325
2024/6/5 11:00,3.03,3540,1663.416667,6.7,24.7,1,3,20,0,49,345
2024/6/5 11:30,7.5,3489.5,1649,6.275,24.8,1,3,35,0,47.5,353.5
2024/6/5 12:00,7.01,3439,1634.583333,5.85,24.9,1,3,50,0,46,362
2024/6/5 12:30,7.5,3479.5,1571.125,5.55,24.95,1,3,55,0,45.5,357.5
2024/6/5 13:00,3.01,3520,1507.666667,5.25,25,1,3,60,0,45,353
2024/6/5 13:30,8.55,3509.5,1389.75,4.975,25.9,1,3,60,0,43,336
2024/6/5 14:00,11.19,3499,1271.833333,4.7,26.8,1,3,60,0,41,319
2024/6/5 14:30,11.57,3466,1112.333333,4.35,26.9,1,3,85,0,39,293
2024/6/5 15:00,11.61,3433,952.8333333,4,27,1,3,110,0,37,267
2024/6/5 15:30,11.75,3416,761.2083333,3.725,26.7,1,3,135,0,41,234.5
2024/6/5 16:00,11.74,3399,569.5833333,3.45,26.4,1,3,160,0,45,202
2024/6/5 16:30,12.03,3339,394.4583333,3.375,25.5,1,4.5,155,0,50.5,167.5
2024/6/5 17:00,12.35,3279,219.3333333,3.3,24.6,1,6,150,0,56,133
2024/6/5 17:30,12.73,3236.5,125.2083333,3,23.8,1,5.5,140,0,61.5,101
2024/6/5 18:00,13.3,3194,31.08333333,2.7,23,1,5,130,0,67,69
2024/6/5 18:30,15,3169.5,15.54166667,2.425,22.4,1,4,160,0,67.5,38.5
2024/6/5 19:00,14,3145,0,2.15,21.8,1,3,190,0,68,8
2024/6/5 19:30,13.07,3071.5,0,2.175,21.5,1.5,4.5,175,0,68.5,4
2024/6/5 20:00,12.8,2998,0,2.2,21.2,2,6,160,0,69,0
2024/6/5 20:30,12.63,2913,0,2.25,20.7,2,5,145,0,66.5,0
2024/6/5 21:00,12.4,2828,0,2.3,20.2,2,4,130,0,64,0
2024/6/5 21:30,12.22,2760,0,2.775,20.05,2,3,145,0,65.5,0
2024/6/5 22:00,12.35,2692,0,3.25,19.9,2,2,160,0,67,0
2024/6/5 22:30,12.1,2624,0,3.425,19.85,2,2.5,155,0,68,0
2024/6/5 23:00,12,2556,0,3.6,19.8,2,3,150,0,69,0
2024/6/5 23:30,11.78,2455.5,0,2.85,19.9,2,3,145,0,71.5,0
2024/6/6 0:00,12.45,2355,0,2.1,20,2,3,140,0,74,0
2024/6/6 0:30,12.45,2297.5,0,2.1,19.7,2,2.5,150,0,76.5,0
2024/6/6 1:00,12.1,2240,0,2.1,19.4,2,2,160,0,79,0
2024/6/6 1:30,12.1,2229.5,0,2.15,19.05,2,1.5,150,0,82,0
2024/6/6 2:00,12.1,2219,0,2.2,18.7,2,1,140,0,85,0
2024/6/6 2:30,11.98,2237.5,0,2.125,18.45,2,1,155,0,86,0
2024/6/6 3:00,12.1,2256,0,2.05,18.2,2,1,170,0,87,0
2024/6/6 3:30,12.1,2264,0.208333334,2.025,18.75,3,1,165,0,85,0
2024/6/6 4:00,12.09,2272,0.416666667,2,19.3,4,1,160,0,83,0
2024/6/6 4:30,12.1,2273,37.5,1.925,19.6,4.5,2,160,0,83,1
2024/6/6 5:00,11.7,2274,74.58333333,1.85,19.9,5,3,160,0,83,2
2024/6/6 5:30,11.57,2319,164.75,1.675,20.25,6,2,175,0,82,9
2024/6/6 6:00,11.45,2364,254.9166667,1.5,20.6,7,1,190,0,81,16
2024/6/6 6:30,11.57,2469,370.5833334,1.275,21,7,1,185,0,80,25.5
2024/6/6 7:00,11.13,2574,486.25,1.05,21.4,7,1,180,0,79,35
2024/6/6 7:30,11,2759,614.8333334,0.975,21.25,7.5,1,180,0.01,79.5,46
2024/6/6 8:00,7,2944,743.4166667,0.9,21.1,8,1,180,0.02,80,57
2024/6/6 8:30,7.5,3141,882.7499999,0.925,21.6,8,1,105,0.01,77.5,67.5
2024/6/6 9:00,7.5,3338,1022.083333,0.95,22.1,8,1,30,0,75,78
2024/6/6 9:30,6.01,3372,1029.041667,0.9,22.85,8,1,65,0,75,111
2024/6/6 10:00,7.92,3406,1036,0.85,23.6,8,1,100,0,75,144
2024/6/6 10:30,7.5,3414,1081.041667,0.9,23.3,7.5,2,115,0,74,177
2024/6/6 11:00,7.54,3422,1126.083333,0.95,23,7,3,130,0,73,210
2024/6/6 11:30,8.35,3415.5,1161.791667,0.85,23.8,7,3.5,155,0,68,236
2024/6/6 12:00,8.5,3409,1197.5,0.75,24.6,7,4,180,0,63,262
2024/6/6 12:30,9.04,3464,1129.375,0.775,24.95,7,3.5,175,0,60.5,259
2024/6/6 13:00,9.13,3519,1061.25,0.8,25.3,7,3,170,0,58,256
2024/6/6 13:30,11.57,3497,995.9583334,0.85,25.35,7,4,165,0.015,58.5,244
2024/6/6 14:00,14.58,3475,930.6666667,0.9,25.4,7,5,160,0.03,59,232
2024/6/6 14:30,16.45,3486,854.8333334,1.025,25.35,7,4.5,170,0.015,58,213
2024/6/6 15:00,13.52,3497,779,1.15,25.3,7,4,180,0,57,194
2024/6/6 15:30,13.52,3464.5,611,1.2,25.15,7,4.5,185,0,57,170.5
2024/6/6 16:00,12.3,3432,443,1.25,25,7,5,190,0,57,147
2024/6/6 16:30,12.41,3353.5,295.625,1.425,24.4,7,5,175,0,59,122
2024/6/6 17:00,12.81,3275,148.25,1.6,23.8,7,5,160,0,61,97
2024/6/6 17:30,13.09,3255.5,81.66666667,1.625,23.3,7,6,165,0,63.5,73.5
2024/6/6 18:00,13.52,3236,15.08333333,1.65,22.8,7,7,170,0,66,50
2024/6/6 18:30,14,3207.5,7.541666665,1.675,22.4,7,5.5,170,0,69,28
2024/6/6 19:00,13.52,3179,0,1.7,22,7,4,170,0,72,6
2024/6/6 19:30,13.5,3107,0,1.925,21.85,7,3.5,180,0,71,3
2024/6/6 20:00,13.05,3035,0,2.15,21.7,7,3,190,0,70,0
2024/6/6 20:30,12.95,2953.5,0,2.125,21.55,7,3.5,180,0,72,0
2024/6/6 21:00,12.78,2872,0,2.1,21.4,7,4,170,0,74,0
2024/6/6 21:30,12.37,2803.5,0,2.325,21.35,7,3.5,160,0,73.5,0
2024/6/6 22:00,12.3,2735,0,2.55,21.3,7,3,150,0,73,0
2024/6/6 22:30,12.35,2660.5,0,2.375,21.2,7,3.5,155,0,72.5,0
2024/6/6 23:00,12.39,2586,0,2.2,21.1,7,4,160,0,72,0
2024/6/6 23:30,12.1,2485.5,0,2.075,21.05,6.5,4.5,170,0,72.5,0
2024/6/7 0:00,12.21,2385,0,1.95,21,6,5,180,0,73,0
2024/6/7 0:30,12.37,2326,0,1.85,20.9,6,4.5,180,0,74,0
2024/6/7 1:00,12.52,2267,0,1.75,20.8,6,4,180,0,75,0
2024/6/7 1:30,12.51,2252.5,0,1.725,20.8,6,3.5,180,0,75,0
2024/6/7 2:00,12.39,2238,0,1.7,20.8,6,3,180,0,75,0
2024/6/7 2:30,12.14,2253.5,0,1.525,20.4,6,2.5,170,0,77,0
2024/6/7 3:00,12.02,2269,0,1.35,20,6,2,160,0,79,0
2024/6/7 3:30,12.02,2280.5,0.208333334,1.525,19.95,6,2,165,0,81.5,0
2024/6/7 4:00,12.14,2292,0.416666667,1.7,19.9,6,2,170,0,84,0
2024/6/7 4:30,12,2296.5,26.5,1.575,19.85,6.5,1.5,160,0,84.5,1
2024/6/7 5:00,11.6,2301,52.58333333,1.45,19.8,7,1,150,0,85,2
2024/6/7 5:30,11.56,2345.5,135.875,1.375,20,7,1,95,0,84,17.5
2024/6/7 6:00,11.57,2390,219.1666667,1.3,20.2,7,1,40,0,83,33
2024/6/7 6:30,11.56,2517,354.2916667,1.375,20.95,7,1,55,0.01,78.5,55
2024/6/7 7:00,11.56,2644,489.4166667,1.45,21.7,7,1,70,0.02,74,77
2024/6/7 7:30,11.88,2861.5,624.5833334,1.45,21.95,7,1,125,0.025,71,102
2024/6/7 8:00,12.96,3079,759.75,1.45,22.2,7,1,180,0.03,68,127
2024/6/7 8:30,14.5,3215.5,846.3333334,1.5,23.05,7,1.5,160,0.03,65.5,153
2024/6/7 9:00,16.45,3352,932.9166667,1.55,23.9,7,2,140,0.03,63,179
2024/6/7 9:30,15.58,3400.5,992.7916669,1.65,23.95,7,2,155,0.015,62,203
2024/6/7 10:00,13.27,3449,1052.666667,1.75,24,7,2,170,0,61,227
2024/6/7 10:30,12.81,3488.5,1143.833334,1.925,23.95,6.5,3,160,0,60,245.5
2024/6/7 11:00,12.15,3528,1235,2.1,23.9,6,4,150,0,59,264
2024/6/7 11:30,11.69,3535.5,1291.625,2.225,24.2,6,4,155,0,62,274
2024/6/7 12:00,11.57,3543,1348.25,2.35,24.5,6,4,160,0,65,284
2024/6/7 12:30,11.57,3553,1247.875,2.475,25.2,6,4,160,0,60.5,280.5
2024/6/7 13:00,12.81,3563,1147.5,2.6,25.9,6,4,160,0,56,277
2024/6/7 13:30,11.57,3563,1103.916667,2.775,25.75,6,4.5,155,0,55.5,264
2024/6/7 14:00,10.27,3563,1060.333333,2.95,25.6,6,5,150,0,55,251
2024/6/7 14:30,10.27,3532.5,962.9166665,3.025,25.4,6,4,135,0,54,230.5
2024/6/7 15:00,11.56,3502,865.5,3.1,25.2,6,3,120,0,53,210
2024/6/7 15:30,11.66,3459,692.8333334,3.175,24.95,6,3.5,130,0,54.5,186.5
2024/6/7 16:00,12.18,3416,520.1666667,3.25,24.7,6,4,140,0,56,163
2024/6/7 16:30,12.35,3342,361.8333334,3.275,24.3,6,4.5,140,0,55.5,136.5
2024/6/7 17:00,12.5,3268,203.5,3.3,23.9,6,5,140,0,55,110
2024/6/7 17:30,12.81,3218,116.1666667,3.4,23.35,6,5,145,0,56.5,84.5
2024/6/7 18:00,13.03,3168,28.83333333,3.5,22.8,6,5,150,0,58,59
2024/6/7 18:30,13.08,3138.5,14.41666667,3.75,22.45,5,3.5,135,0,59,33
2024/6/7 19:00,13.17,3109,0,4,22.1,4,2,120,0,60,7
2024/6/7 19:30,13,3038,0,4.075,21.65,3.5,2,125,0,61.5,3.5
2024/6/7 20:00,13,2967,0,4.15,21.2,3,2,130,0,63,0
2024/6/7 20:30,12.81,2882.5,0,3.65,20.8,2,2,115,0,65,0
2024/6/7 21:00,12.81,2798,0,3.15,20.4,1,2,100,0,67,0
2024/6/7 21:30,12.21,2738.5,0,2.875,19.95,1,2.5,125,0,69,0
2024/6/7 22:00,12.21,2679,0,2.6,19.5,1,3,150,0,71,0
2024/6/7 22:30,12.03,2610,0,2.4,18.9,1,2,115,0,73.5,0
2024/6/7 23:00,11.58,2541,0,2.2,18.3,1,1,80,0,76,0
2024/6/7 23:30,11.57,2445,0,1.95,18.35,0.5,1,100,0,77,0
2024/6/8 0:00,13.62,2349,0,1.7,18.4,0,1,120,0,78,0
2024/6/8 0:30,13,2287,0,1.625,18.15,0,1,155,0,79.5,0
2024/6/8 1:00,12.43,2225,0,1.55,17.9,0,1,190,0,81,0
2024/6/8 1:30,12.31,2204.5,0,1.475,18.2,0,1,115,0,79,0
2024/6/8 2:00,12.11,2184,0,1.4,18.5,0,1,40,0,77,0
2024/6/8 2:30,12.43,2195.5,0,1.375,18.15,0,1,55,0,79,0
2024/6/8 3:00,12.44,2207,0,1.35,17.8,0,1,70,0,81,0
2024/6/8 3:30,12.55,2197.5,0.208333334,1.4,17.85,1,1,70,0,81,0
2024/6/8 4:00,12.58,2188,0.416666667,1.45,17.9,2,1,70,0,81,0
2024/6/8 4:30,12.59,2165,49.45833333,1.375,17.9,3.5,1,50,0,83,1.5
2024/6/8 5:00,12.29,2142,98.5,1.3,17.9,5,1,30,0,85,3
2024/6/8 5:30,11.32,2156,236.0416667,1.25,18.75,6,1,25,0,81.5,21.5
2024/6/8 6:00,10.41,2170,373.5833333,1.2,19.6,7,1,20,0,78,40
2024/6/8 6:30,8,2248.5,569.375,1.15,20.55,6,1,45,0,74.5,70
2024/6/8 7:00,5,2327,765.1666667,1.1,21.5,5,1,70,0,71,100
2024/6/8 7:30,1,2470.5,947.4166669,1.275,22.3,4,1.5,200,0,65.5,136
2024/6/8 8:00,2,2614,1129.666667,1.45,23.1,3,2,330,0,60,172
2024/6/8 8:30,1,2735,1265.416667,1.5,23.65,2,1.5,220,0,58,209.5
2024/6/8 9:00,0.3,2856,1401.166667,1.55,24.2,1,1,110,0,56,247
2024/6/8 9:30,0.01,2940,1497.25,1.5,24.9,1.5,1,230,0,55,273
2024/6/8 10:00,0.01,3024,1593.333333,1.45,25.6,2,1,350,0,54,299
2024/6/8 10:30,0.01,3063,1623.083333,1.625,26.15,2.5,1,280,0,53.5,314.5
2024/6/8 11:00,0.01,3102,1652.833333,1.8,26.7,3,1,210,0,53,330
2024/6/8 11:30,0.01,3100.5,1640.125,1.95,26.6,3.5,3,180,0,46,332
2024/6/8 12:00,0.01,3099,1627.416667,2.1,26.5,4,5,150,0,39,334
2024/6/8 12:30,0.01,3086.5,1557.75,2.375,26.95,4.5,4.5,150,0,41,323.5
2024/6/8 13:00,0.01,3074,1488.083333,2.65,27.4,5,4,150,0,43,313
2024/6/8 13:30,0.99,3048,1361.708333,2.975,27.35,5.5,3.5,170,0,39,291
2024/6/8 14:00,3,3022,1235.333333,3.3,27.3,6,3,190,0,35,269
2024/6/8 14:30,7.5,3002,1062.791667,3.7,27.2,6.5,4,165,0,43,239.5
2024/6/8 15:00,8.68,2982,890.25,4.1,27.1,7,5,140,0,51,210
2024/6/8 15:30,10.5,2949,695.75,4.2,26.55,7,4.5,145,0,54,180.5
2024/6/8 16:00,10.58,2916,501.25,4.3,26,7,4,150,0,57,151
2024/6/8 16:30,11.73,2876.5,343.5833334,4.7,25.5,7,3.5,145,0.015,57,123
2024/6/8 17:00,12.14,2837,185.9166667,5.1,25,7,3,140,0.03,57,95
2024/6/8 17:30,12.47,2845.5,106.4166667,5.3,24.65,7,3,145,0.035,60,70.5
2024/6/8 18:00,13.26,2854,26.91666667,5.5,24.3,7,3,150,0.04,63,46
2024/6/8 18:30,15.6,2872,13.45833334,4.95,23.9,7,3.5,160,0.04,66,26
2024/6/8 19:00,15.6,2890,0,4.4,23.5,7,4,170,0.04,69,6
2024/6/8 19:30,15.6,2834,0,4.45,23.1,7,3.5,180,0.05,70.5,3
2024/6/8 20:00,12.7,2778,0,4.5,22.7,7,3,190,0.06,72,0
2024/6/8 20:30,13.22,2705.5,0,4.425,22.25,7,3.5,180,0.045,73.5,0
2024/6/8 21:00,12.8,2633,0,4.35,21.8,7,4,170,0.03,75,0
2024/6/8 21:30,12.44,2572.5,0,4.125,21.7,7,4,175,0.03,75.5,0
2024/6/8 22:00,12.39,2512,0,3.9,21.6,7,4,180,0.03,76,0
2024/6/8 22:30,12.05,2452,0,3.85,21.35,7,3.5,165,0.015,79,0
2024/6/8 23:00,11.88,2392,0,3.8,21.1,7,3,150,0,82,0
2024/6/8 23:30,11.7,2311,0,3.95,21.2,7,2.5,160,0,81,0
2024/6/9 0:00,11.9,2230,0,4.1,21.3,7,2,170,0,80,0
2024/6/9 0:30,11.9,2174.5,0,4.05,20.95,7,2.5,170,0,82,0
2024/6/9 1:00,11.75,2119,0,4,20.6,7,3,170,0,84,0
2024/6/9 1:30,11.74,2107,0,3.675,20.6,7,3,160,0,85,0
2024/6/9 2:00,11.74,2095,0,3.35,20.6,7,3,150,0,86,0
2024/6/9 2:30,11.81,2111,0,2.925,20.7,7,3.5,140,0,85.5,0
2024/6/9 3:00,11.81,2127,0,2.5,20.8,7,4,130,0,85,0
2024/6/9 3:30,11.81,2126.5,0.208333334,2.475,20.55,7,3.5,145,0,85.5,0
2024/6/9 4:00,11.9,2126,0.416666667,2.45,20.3,7,3,160,0,86,0
2024/6/9 4:30,11.86,2111.5,33,2.525,20.45,7,3,170,0,85,1
2024/6/9 5:00,11.33,2097,65.58333333,2.6,20.6,7,3,180,0,84,2
2024/6/9 5:30,10.93,2100,142.0416667,2.675,21.05,7,2,185,0,82.5,11.5
2024/6/9 6:00,10.9,2103,218.5,2.75,21.5,7,1,190,0,81,21
2024/6/9 6:30,10.07,2156.5,266.125,2.675,21.7,7,1.5,190,0,79.5,40
2024/6/9 7:00,10.01,2210,313.75,2.6,21.9,7,2,190,0,78,59
2024/6/9 7:30,9.98,2275,401.75,2.875,22.1,7,2,170,0,77.5,86.5
2024/6/9 8:00,9.7,2340,489.75,3.15,22.3,7,2,150,0,77,114
2024/6/9 8:30,9.2,2429.5,606.1666667,3.075,23,7,2.5,155,0.02,76.5,146.5
2024/6/9 9:00,9.12,2519,722.5833333,3,23.7,7,3,160,0.04,76,179
2024/6/9 9:30,9.1,2581.5,770.7916667,2.925,24.15,7,3.5,145,0.02,73,193
2024/6/9 10:00,8.78,2644,819,2.85,24.6,7,4,130,0,70,207
2024/6/9 10:30,8.51,2640,815.875,3,24.2,7.5,4.5,140,0.01,69.5,212.5
2024/6/9 11:00,8.73,2636,812.75,3.15,23.8,8,5,150,0.02,69,218
2024/6/9 11:30,8.77,2686.5,827.1666667,3.7,23.75,8,5,150,0.01,68,214.5
2024/6/9 12:00,8.73,2737,841.5833333,4.25,23.7,8,5,150,0,67,211
2024/6/9 12:30,8.87,2717,780,4.35,24.6,8,5,150,0,64,217.5
2024/6/9 13:00,10.73,2697,718.4166667,4.45,25.5,8,5,150,0,61,224
2024/6/9 13:30,11.26,2708,648.125,4.325,25.2,8,5,170,0,56,221
2024/6/9 14:00,11.26,2719,577.8333333,4.2,24.9,8,5,190,0,51,218
2024/6/9 14:30,10.85,2712.5,454.25,4.275,24.8,8,5,180,0,56.5,206
2024/6/9 15:00,9.1,2706,330.6666667,4.35,24.7,8,5,170,0,62,194
2024/6/9 15:30,11.2,2701,237.0833334,4.55,24.4,8,4.5,170,0,63,161.5
2024/6/9 16:00,11.71,2696,143.5,4.75,24.1,8,4,170,0,64,129
2024/6/9 16:30,11.9,2731.5,96.79166667,4.85,23.75,8,4.5,160,0,67.5,100
2024/6/9 17:00,12.44,2767,50.08333333,4.95,23.4,8,5,150,0,71,71
2024/6/9 17:30,12.7,2807.5,27.875,5.225,23.05,8,5,165,0,73.5,50
2024/6/9 18:00,12.7,2848,5.666666667,5.5,22.7,8,5,180,0,76,29
2024/6/9 18:30,12.8,2847.5,2.833333334,5.9,22.6,8,5.5,165,0.01,75.5,16.5
2024/6/9 19:00,12.8,2847,0,6.3,22.5,8,6,150,0.02,75,4
2024/6/9 19:30,12.56,2798.5,0,6.375,22.35,8,4.5,155,0.02,75.5,2
2024/6/9 20:00,12.55,2750,0,6.45,22.2,8,3,160,0.02,76,0
2024/6/9 20:30,12.52,2686,0,6.15,22.15,8,4,160,0.025,76.5,0
2024/6/9 21:00,12.74,2622,0,5.85,22.1,8,5,160,0.03,77,0
2024/6/9 21:30,12.47,2555,0,5.9,21.7,8,4.5,150,0.105,80.5,0
2024/6/9 22:00,12.31,2488,0,5.95,21.3,8,4,140,0.18,84,0
2024/6/9 22:30,12,2429,0,5.75,20.8,8,4,150,0.265,87,0
2024/6/9 23:00,11.77,2370,0,5.55,20.3,8,4,160,0.35,90,0
2024/6/9 23:30,11.47,2287.5,0,4.875,20.2,8,4,160,0.535,91.5,0
2024/6/10 0:00,12.4,2205,0,4.2,20.1,8,4,160,0.72,93,0
2024/6/10 0:30,12.23,2156.5,0,3.975,19.7,8,3.5,185,1.1,95.5,0
2024/6/10 1:00,12,2108,0,3.75,19.3,8,3,210,1.48,98,0
2024/6/10 1:30,11.92,2097.5,0,3.925,19.3,8,3,180,1.725,98,0
2024/6/10 2:00,12,2087,0,4.1,19.3,8,3,150,1.97,98,0
2024/6/10 2:30,12.13,2113.5,0,4.1,18.8,8,3,170,2.155,98.5,0
2024/6/10 3:00,12,2140,0,4.1,18.3,8,3,190,2.34,99,0
2024/6/10 3:30,12,2158,0.208333334,4.275,18.1,8,3,165,2.035,99,0
2024/6/10 4:00,12.02,2176,0.416666667,4.45,17.9,8,3,140,1.73,99,0
2024/6/10 4:30,12.11,2199.5,13.33333333,4.25,17.75,8,2,155,1.795,99.5,0
2024/6/10 5:00,12.11,2223,26.25,4.05,17.6,8,1,170,1.86,100,0
2024/6/10 5:30,12.13,2291,69.41666665,4.125,17.8,8,2,150,1.595,100,2.5
2024/6/10 6:00,11.79,2359,112.5833333,4.2,18,8,3,130,1.33,100,5
2024/6/10 6:30,11.73,2484,185.625,3.825,18.45,8,2,115,0.98,100,12.5
2024/6/10 7:00,11.7,2609,258.6666667,3.45,18.9,8,1,100,0.63,100,20
2024/6/10 7:30,11.98,2787.5,331.75,3.35,19.2,8,1.5,130,0.52,98.5,32.5
2024/6/10 8:00,12,2966,404.8333333,3.25,19.5,8,2,160,0.41,97,45
2024/6/10 8:30,12.31,3076.5,487.5416667,2.975,19.6,8,2.5,165,0.38,94.5,61.5
2024/6/10 9:00,12.55,3187,570.25,2.7,19.7,8,3,170,0.35,92,78
2024/6/10 9:30,12.37,3225.5,657.5,2.625,20.25,8,3.5,165,0.195,86.5,101.5
2024/6/10 10:00,11.9,3264,744.75,2.55,20.8,8,4,160,0.04,81,125
2024/6/10 10:30,11.75,3302,791.5416667,2.575,20.75,7.5,3,160,0.02,84.5,148.5
2024/6/10 11:00,11.7,3340,838.3333333,2.6,20.7,7,2,160,0,88,172
2024/6/10 11:30,11.41,3287,811.6666667,2.575,20.4,7,1.5,125,0.015,87.5,191.5
2024/6/10 12:00,11.26,3234,785,2.55,20.1,7,1,90,0.03,87,211
2024/6/10 12:30,11.18,3284,727.625,2.575,21.9,7,1,125,0.015,77.5,213
2024/6/10 13:00,11.19,3334,670.25,2.6,23.7,7,1,160,0,68,215
2024/6/10 13:30,11.26,3356.5,615.5416667,2.575,23.65,7,1,145,0,69,209
2024/6/10 14:00,9.28,3379,560.8333333,2.55,23.6,7,1,130,0,70,203
2024/6/10 14:30,9,3339,473.625,2.525,23.75,7,2,130,0,69,189.5
2024/6/10 15:00,9.38,3299,386.4166667,2.5,23.9,7,3,130,0,68,176
2024/6/10 15:30,11.98,3294.5,321.3333334,2.275,23.55,7,3.5,135,0,68.5,155
2024/6/10 16:00,12.44,3290,256.25,2.05,23.2,7,4,140,0,69,134
2024/6/10 16:30,13,3249.5,183.625,2,23,7,4,145,0.01,70.5,111.5
2024/6/10 17:00,13.35,3209,111,1.95,22.8,7,4,150,0.02,72,89
2024/6/10 17:30,14.06,3201.5,63.5,1.85,22.45,7,4,150,0.01,72.5,68
2024/6/10 18:00,15.09,3194,16,1.75,22.1,7,4,150,0,73,47
2024/6/10 18:30,15.42,3166,8,1.85,21.9,7,3.5,150,0,74.5,26.5
2024/6/10 19:00,15.08,3138,0,1.95,21.7,7,3,150,0,76,6
2024/6/10 19:30,14.89,3066.5,0,2.025,21.7,7,3,140,0,75.5,3
2024/6/10 20:00,13.72,2995,0,2.1,21.7,7,3,130,0,75,0
2024/6/10 20:30,12.98,2919.5,0,2.05,21.8,7,3,130,0,76.5,0
2024/6/10 21:00,12.52,2844,0,2,21.9,7,3,130,0,78,0
2024/6/10 21:30,12.44,2777.5,0,2.025,21.45,7,2,145,0,80.5,0
2024/6/10 22:00,12.56,2711,0,2.05,21,7,1,160,0,83,0
2024/6/10 22:30,12.7,2641.5,0,2.2,20.6,7,1.5,170,0,85,0
2024/6/10 23:00,12.41,2572,0,2.35,20.2,7,2,180,0,87,0
2024/6/10 23:30,12.38,2471,0,2.275,20,7,2,175,0,89,0
2024/6/11 0:00,14.25,2370,0,2.2,19.8,7,2,170,0,91,0
2024/6/11 0:30,12.49,2315.5,0,2.175,19.85,7,2,165,0,90.5,0
2024/6/11 1:00,12.43,2261,0,2.15,19.9,7,2,160,0,90,0
2024/6/11 1:30,12.42,2247,0,2.125,19.95,7,1.5,165,0,90,0
2024/6/11 2:00,12.34,2233,0,2.1,20,7,1,170,0,90,0
2024/6/11 2:30,12.74,2251,0,2.175,20.2,7,1,185,0,87.5,0
2024/6/11 3:00,12.55,2269,0,2.25,20.4,7,1,200,0,85,0
2024/6/11 3:30,12.62,2275.5,0.208333334,2.1,20.35,6,1,220,0,85,0
2024/6/11 4:00,12.45,2282,0.416666667,1.95,20.3,5,1,240,0,85,0
2024/6/11 4:30,12.44,2291.5,44.5,1.825,19.95,4.5,1,215,0,87.5,1.5
2024/6/11 5:00,12.47,2301,88.58333333,1.7,19.6,4,1,190,0,90,3
2024/6/11 5:30,11.78,2373,220.4166667,1.6,20.15,3,1,225,0,88,26.5
2024/6/11 6:00,11.36,2445,352.25,1.5,20.7,2,1,260,0,86,50
2024/6/11 6:30,11.26,2592,545.9583334,1.325,21.75,2.5,1,215,0,81.5,79
2024/6/11 7:00,11.26,2739,739.6666667,1.15,22.8,3,1,170,0,77,108
2024/6/11 7:30,10.97,2972.5,920.4999999,1.225,23.3,3.5,1,210,0,73.5,137
2024/6/11 8:00,9.65,3206,1101.333333,1.3,23.8,4,1,250,0,70,166
2024/6/11 8:30,11.26,3418.5,1244,1.15,24.75,4.5,2,195,0,67.5,192
2024/6/11 9:00,11.28,3631,1386.666667,1,25.7,5,3,140,0,65,218
2024/6/11 9:30,11.33,3709.5,1475.5,0.95,26.25,5,3.5,145,0,65,241.5
2024/6/11 10:00,11.26,3788,1564.333333,0.9,26.8,5,4,150,0,65,265
2024/6/11 10:30,11.02,3833,1594.208333,0.9,26.85,5.5,4,150,0,62.5,280
2024/6/11 11:00,10.9,3878,1624.083333,0.9,26.9,6,4,150,0,60,295
2024/6/11 11:30,9.63,3831,1601.083333,1,27.45,6,5,145,0,59,299.5
2024/6/11 12:00,3,3784,1578.083333,1.1,28,6,6,140,0,58,304
2024/6/11 12:30,3.02,3835.5,1504.583333,1.4,28.1,6,5.5,145,0,56.5,297
2024/6/11 13:00,9.57,3887,1431.083333,1.7,28.2,6,5,150,0,55,290
2024/6/11 13:30,11.26,3868,1313.625,2.05,28.25,6.5,5.5,145,0,53,274
2024/6/11 14:00,11.6,3849,1196.166667,2.4,28.3,7,6,140,0,51,258
2024/6/11 14:30,11.81,3816,1045.291667,2.525,28.25,7,5.5,145,0,52,234.5
2024/6/11 15:00,11.9,3783,894.4166667,2.65,28.2,7,5,150,0,53,211
2024/6/11 15:30,13.15,3754.5,721.6666667,2.8,27.8,7,5,155,0,56.5,185.5
2024/6/11 16:00,12.74,3726,548.9166667,2.95,27.4,7,5,160,0,60,160
2024/6/11 16:30,14,3645,384.75,2.875,26.95,7,5.5,175,0,60.5,133.5
2024/6/11 17:00,14.81,3564,220.5833333,2.8,26.5,7,6,190,0,61,107
2024/6/11 17:30,16.19,3494,127.1666667,2.775,25.8,7,5,190,0,65,81.5
2024/6/11 18:00,17.16,3424,33.75,2.75,25.1,7,4,190,0,69,56
2024/6/11 18:30,17.51,3389,16.875,2.975,24.55,7,4,180,0,71,31.5
2024/6/11 19:00,17.16,3354,0,3.2,24,7,4,170,0,73,7
2024/6/11 19:30,16.91,3271.5,0,3.575,23.7,7,4,180,0,73.5,3.5
2024/6/11 20:00,15.13,3189,0,3.95,23.4,7,4,190,0,74,0
2024/6/11 20:30,16,3094.5,0,4.425,23.1,7,3,175,0,77,0
2024/6/11 21:00,14.89,3000,0,4.9,22.8,7,2,160,0,80,0
2024/6/11 21:30,13.13,2931,0,5.1,22.8,6.5,3,165,0,81.5,0
2024/6/11 22:00,13.22,2862,0,5.3,22.8,6,4,170,0,83,0
2024/6/11 22:30,13.26,2781,0,5.125,22.65,5.5,3.5,170,0,84,0
2024/6/11 23:00,12.61,2700,0,4.95,22.5,5,3,170,0,85,0
2024/6/11 23:30,12.55,2595,0,4.475,22,4.5,2.5,165,0,87,0
2024/6/12 0:00,12.97,2490,0,4,21.5,4,2,160,0,89,0
2024/6/12 0:30,12.74,2417,0,3.875,21.35,3.5,2,165,0,89.5,0
2024/6/12 1:00,12.6,2344,0,3.75,21.2,3,2,170,0,90,0
2024/6/12 1:30,12.6,2323.5,0,3.875,21.05,2.5,2,180,0,91,0
2024/6/12 2:00,12.49,2303,0,4,20.9,2,2,190,0,92,0
2024/6/12 2:30,12.49,2316,0,3.75,20.8,1.5,1.5,175,0,92.5,0
2024/6/12 3:00,12.5,2329,0,3.5,20.7,1,1,160,0,93,0
2024/6/12 3:30,12.61,2333,0.208333334,3.25,20.5,2,1,165,0,94,0
2024/6/12 4:00,12.61,2337,0.416666667,3,20.3,3,1,170,0,95,0
2024/6/12 4:30,12.61,2341.5,46.5,2.975,20.25,4,1,160,0,95.5,1.5
2024/6/12 5:00,12.39,2346,92.58333333,2.95,20.2,5,1,150,0,96,3
2024/6/12 5:30,12.02,2420.5,217.25,2.6,21,6,1,165,0,92.5,21.5
2024/6/12 6:00,11.9,2495,341.9166667,2.25,21.8,7,1,180,0,89,40
2024/6/12 6:30,11.78,2663.5,522.125,2.075,22.25,7,1,185,0,88,63
2024/6/12 7:00,12.37,2832,702.3333333,1.9,22.7,7,1,190,0,87,86
2024/6/12 7:30,12.3,3079.5,876.0416667,1.975,24,7,2,160,0,81.5,110
2024/6/12 8:00,12.12,3327,1049.75,2.05,25.3,7,3,130,0,76,134
2024/6/12 8:30,12.37,3517,1151.333334,1.875,25.75,7,2,145,0,73.5,156.5
2024/6/12 9:00,12.55,3707,1252.916667,1.7,26.2,7,1,160,0,71,179
2024/6/12 9:30,12.59,3761.5,1317.208334,1.5,26.35,7,2.5,155,0,68,206
2024/6/12 10:00,12.37,3816,1381.5,1.3,26.5,7,4,150,0,65,233
2024/6/12 10:30,12.12,3869,1439.083334,1.45,27.15,6.5,4,145,0,63,255
2024/6/12 11:00,12.12,3922,1496.666667,1.6,27.8,6,4,140,0,61,277
2024/6/12 11:30,12,3905.5,1530.125,1.95,28.05,6,4,160,0,56,290
2024/6/12 12:00,11.85,3889,1563.583333,2.3,28.3,6,4,180,0,51,303
2024/6/12 12:30,11.75,3946,1518.541667,2.525,28.5,5.5,4,165,0,51.5,305.5
2024/6/12 13:00,11.78,4003,1473.5,2.75,28.7,5,4,150,0,52,308
2024/6/12 13:30,11.74,3994,1362.916667,2.975,29,4.5,3.5,140,0.01,54.5,298
2024/6/12 14:00,10.99,3985,1252.333333,3.2,29.3,4,3,130,0.02,57,288
2024/6/12 14:30,11.79,3954,1099.083333,3.075,29.05,3.5,4,135,0.03,56.5,268
2024/6/12 15:00,12.26,3923,945.8333333,2.95,28.8,3,5,140,0.04,56,248
2024/6/12 15:30,13.5,3898.5,760.75,2.9,28.7,2.5,4.5,145,0.035,57,221.5
2024/6/12 16:00,15.58,3874,575.6666667,2.85,28.6,2,4,150,0.03,58,195
2024/6/12 16:30,16.91,3783,400.9583334,3,27.9,2,4,155,0.015,58.5,164
2024/6/12 17:00,17.55,3692,226.25,3.15,27.2,2,4,160,0,59,133
2024/6/12 17:30,20.85,3618,130.5416667,3.525,26.35,1.5,4.5,175,0,62,102.5
2024/6/12 18:00,20.85,3544,34.83333333,3.9,25.5,1,5,190,0,65,72
2024/6/12 18:30,20.85,3489.5,17.41666667,3.65,25.1,1.5,4,190,0,65.5,40.5
2024/6/12 19:00,20.85,3435,0,3.4,24.7,2,3,190,0,66,9
2024/6/12 19:30,20.85,3347,0,3.35,24.4,2,3.5,175,0,69,4.5
2024/6/12 20:00,16.91,3259,0,3.3,24.1,2,4,160,0,72,0
2024/6/12 20:30,15.5,3159,0,3.125,23.8,2.5,4,160,0,75,0
2024/6/12 21:00,15.6,3059,0,2.95,23.5,3,4,160,0,78,0
2024/6/12 21:30,13,2986,0,3.225,23.3,3.5,4,170,0,80,0
2024/6/12 22:00,14.06,2913,0,3.5,23.1,4,4,180,0,82,0
2024/6/12 22:30,14,2825.5,0,3.4,22.65,4.5,3,180,0,82.5,0
2024/6/12 23:00,13.22,2738,0,3.3,22.2,5,2,180,0,83,0
2024/6/12 23:30,12.7,2628,0,2.9,22.1,5.5,2.5,185,0,83.5,0
2024/6/13 0:00,15.02,2518,0,2.5,22,6,3,190,0,84,0
2024/6/13 0:30,13.33,2446.5,0,2.35,22,6,2.5,185,0,83.5,0
2024/6/13 1:00,12.38,2375,0,2.2,22,6,2,180,0,83,0
2024/6/13 1:30,12.76,2352.5,0,2.175,21.95,6.5,1.5,175,0,84.5,0
2024/6/13 2:00,12.72,2330,0,2.15,21.9,7,1,170,0,86,0
2024/6/13 2:30,12.6,2340,0,2.05,22.15,7.5,2,170,0,86,0
2024/6/13 3:00,12.6,2350,0,1.95,22.4,8,3,170,0,86,0
2024/6/13 3:30,12.47,2355.5,0.208333334,1.725,22.35,8,2.5,170,0,86.5,0
2024/6/13 4:00,12.47,2361,0.416666667,1.5,22.3,8,2,170,0,87,0
2024/6/13 4:30,12.47,2362,24.375,1.35,22.05,8,2,165,0,88.5,0.5
2024/6/13 5:00,12.03,2363,48.33333333,1.2,21.8,8,2,160,0,90,1
2024/6/13 5:30,12.44,2421.5,106.9166667,1.025,22.05,8,1.5,150,0,88.5,15.5
2024/6/13 6:00,11.75,2480,165.5,0.85,22.3,8,1,140,0,87,30
2024/6/13 6:30,11.75,2608.5,241,0.725,22.5,8,1,170,0,86,49
2024/6/13 7:00,11.7,2737,316.5,0.6,22.7,8,1,200,0,85,68
2024/6/13 7:30,12.33,2958,367.75,0.6,23,8,1.5,185,0,85,91
2024/6/13 8:00,11.78,3179,419,0.6,23.3,8,2,170,0,85,114
2024/6/13 8:30,12.97,3300,423.6666667,0.625,23.1,8,2,160,0,83.5,138
2024/6/13 9:00,13.28,3421,428.3333333,0.65,22.9,8,2,150,0,82,162
2024/6/13 9:30,13.5,3429.5,505.75,0.75,23,8,2,150,0,81,184.5
2024/6/13 10:00,12.95,3438,583.1666667,0.85,23.1,8,2,150,0,80,207
2024/6/13 10:30,12.5,3521.5,750.5416667,0.95,23.5,8,1.5,155,0,78,224.5
2024/6/13 11:00,12.71,3605,917.9166667,1.05,23.9,8,1,160,0,76,242
2024/6/13 11:30,12.14,3565,872.625,0.925,24,8,1,180,0,75.5,252
2024/6/13 12:00,12.14,3525,827.3333333,0.8,24.1,8,1,200,0,75,262
2024/6/13 12:30,12.14,3551,750,0.75,23.7,8,1.5,185,0,78.5,263
2024/6/13 13:00,13,3577,672.6666667,0.7,23.3,8,2,170,0,82,264
2024/6/13 13:30,13.61,3594.5,564.5,0.825,23.25,7.5,2.5,165,0,80.5,255
2024/6/13 14:00,15,3612,456.3333333,0.95,23.2,7,3,160,0,79,246
2024/6/13 14:30,13.25,3547.5,383.75,0.875,23.4,7,3,155,0,77,228.5
2024/6/13 15:00,13.25,3483,311.1666667,0.8,23.6,7,3,150,0,75,211
2024/6/13 15:30,16.64,3479.5,307.2916667,0.825,23.9,6,3,160,0,72.5,194.5
2024/6/13 16:00,17.89,3476,303.4166667,0.85,24.2,5,3,170,0,70,178
2024/6/13 16:30,20.72,3468.5,250.5416667,0.875,24.55,4.5,3,175,0,69,153
2024/6/13 17:00,20.72,3461,197.6666667,0.9,24.9,4,3,180,0,68,128
2024/6/13 17:30,20.72,3428,116.125,1.025,24.25,3,2.5,170,0,72,99.5
2024/6/13 18:00,20.73,3395,34.58333333,1.15,23.6,2,2,160,0,76,71
2024/6/13 18:30,21.28,3361,17.29166667,1.525,22.8,2,2,160,0,80.5,40
2024/6/13 19:00,20.73,3327,0,1.9,22,2,2,160,0,85,9
2024/6/13 19:30,20.72,3245.5,0,2.15,21.8,2.5,2,190,0,84.5,4.5
2024/6/13 20:00,20.72,3164,0,2.4,21.6,3,2,220,0,84,0
2024/6/13 20:30,20.1,3065,0,2.9,21.95,3,2.5,220,0,81,0
2024/6/13 21:00,18,2966,0,3.4,22.3,3,3,220,0,78,0
2024/6/13 21:30,14.06,2893.5,0,3.85,21.8,3,2.5,230,0,79.5,0
2024/6/13 22:00,16.88,2821,0,4.3,21.3,3,2,240,0,81,0
2024/6/13 22:30,15,2745,0,4.375,21,2.5,1.5,205,0,83,0
2024/6/13 23:00,13.16,2669,0,4.45,20.7,2,1,170,0,85,0
2024/6/13 23:30,13.15,2565,0,3.8,20.4,2,1.5,170,0,87,0
2024/6/14 0:00,16,2461,0,3.15,20.1,2,2,170,0,89,0
2024/6/14 0:30,14.89,2395.5,0,3.375,20.7,2,2.5,195,0,87.5,0
2024/6/14 1:00,13.45,2330,0,3.6,21.3,2,3,220,0,86,0
2024/6/14 1:30,13.13,2310.5,0,3.5,20.85,1.5,2,215,0,87.5,0
2024/6/14 2:00,12.71,2291,0,3.4,20.4,1,1,210,0,89,0
2024/6/14 2:30,12.8,2303.5,0,3.675,20.3,1,1.5,205,0,90,0
2024/6/14 3:00,12.7,2316,0,3.95,20.2,1,2,200,0,91,0
2024/6/14 3:30,13.24,2321.5,0.208333334,3.575,20.05,1,1.5,200,0,92,0
2024/6/14 4:00,13.48,2327,0.416666667,3.2,19.9,1,1,200,0,93,0
2024/6/14 4:30,13.22,2345.5,49.91666667,2.775,20.05,0.5,1,220,0,93.5,1.5
2024/6/14 5:00,12.72,2364,99.41666667,2.35,20.2,0,1,240,0,94,3
2024/6/14 5:30,12.52,2440.5,234.5,2,21,0,1,200,0,90,27.5
2024/6/14 6:00,12.26,2517,369.5833333,1.65,21.8,0,1,160,0,86,52
2024/6/14 6:30,12.22,2685,563.5416667,1.375,23.2,0,1,225,0,78,83
2024/6/14 7:00,11.81,2853,757.5,1.1,24.6,0,1,290,0,70,114
2024/6/14 7:30,11.46,3114,934.4166665,1.05,25.55,0.5,1,215,0,67.5,148
2024/6/14 8:00,11.36,3375,1111.333333,1,26.5,1,1,140,0,65,182
2024/6/14 8:30,11.73,3599,1247.625,1.05,27.05,1,1.5,150,0,63,215.5
2024/6/14 9:00,11.79,3823,1383.916667,1.1,27.6,1,2,160,0,61,249
2024/6/14 9:30,11.77,3936.5,1470.041667,1,28.2,1,2.5,155,0,61,277.5
2024/6/14 10:00,11.7,4050,1556.166667,0.9,28.8,1,3,150,0,61,306
2024/6/14 10:30,11.74,4109.5,1587.541667,0.825,29.65,1,3,153,0,58,326
2024/6/14 11:00,12.12,4169,1618.916667,0.75,30.5,1,3,156,0,55,346
2024/6/14 11:30,12.22,4142,1604.958334,0.8,30.65,1,3.5,158,0,54,353.5
2024/6/14 12:00,11.9,4115,1591,0.85,30.8,1,4,160,0,53,361
2024/6/14 12:30,11.9,4172.5,1529,0.95,30.9,1,4,155,0,49.5,357
2024/6/14 13:00,12.29,4230,1467,1.05,31,1,4,150,0,46,353
2024/6/14 13:30,12.94,4232.5,1354.791667,1.475,31.25,1,4.5,145,0,49,337
2024/6/14 14:00,13,4235,1242.583333,1.9,31.5,1,5,140,0,52,321
2024/6/14 14:30,15.58,4210.5,1080.208333,1.9,31.3,1,5,150,0,49.5,295
2024/6/14 15:00,18.08,4186,917.8333333,1.9,31.1,1,5,160,0,47,269
2024/6/14 15:30,20.74,4148,727.9583333,2.025,30.9,1,4.5,150,0,45.5,237
2024/6/14 16:00,20.74,4110,538.0833333,2.15,30.7,1,4,140,0,44,205
2024/6/14 16:30,20.75,3990,377.3333333,2.225,30.15,1,4,160,0,42.5,171
2024/6/14 17:00,20.75,3870,216.5833333,2.3,29.6,1,4,180,0,41,137
2024/6/14 17:30,20.94,3768,125.7916667,2.45,28.75,1,4.5,180,0,49.5,104.5
2024/6/14 18:00,21,3666,35,2.6,27.9,1,5,180,0,58,72
2024/6/14 18:30,21.66,3607,17.5,3,27.25,1,4.5,180,0,59,40.5
2024/6/14 19:00,20.75,3548,0,3.4,26.6,1,4,180,0,60,9
2024/6/14 19:30,20.74,3449,0,3.725,26.2,0.5,3.5,195,0,59,4.5
2024/6/14 20:00,20.74,3350,0,4.05,25.8,0,3,210,0,58,0
2024/6/14 20:30,20.74,3239.5,0,4.125,25.25,0,3,195,0,62,0
2024/6/14 21:00,18.17,3129,0,4.2,24.7,0,3,180,0,66,0
2024/6/14 21:30,14.7,3051,0,3.85,24.45,0,3,185,0,66.5,0
2024/6/14 22:00,16.91,2973,0,3.5,24.2,0,3,190,0,67,0
2024/6/14 22:30,16.64,2879,0,3.2,23.75,0,2.5,175,0,72,0
2024/6/14 23:00,14.89,2785,0,2.9,23.3,0,2,160,0,77,0
2024/6/14 23:30,14.32,2671,0,2.9,23.2,0,2,165,0,80.5,0
2024/6/15 0:00,15.19,2557,0,2.9,23.1,0,2,170,0,84,0
2024/6/15 0:30,14.72,2473,0,3,22.75,0.5,2.5,155,0,87,0
2024/6/15 1:00,14.5,2389,0,3.1,22.4,1,3,140,0,90,0
2024/6/15 1:30,12.93,2362.5,0,3.125,22.25,1,2.5,150,0,91,0
2024/6/15 2:00,12.67,2336,0,3.15,22.1,1,2,160,0,92,0
2024/6/15 2:30,12.69,2337.5,0,3.125,21.7,1,1.5,155,0,93.5,0
2024/6/15 3:00,12.67,2339,0,3.1,21.3,1,1,150,0,95,0
2024/6/15 3:30,12.76,2325,0.208333334,2.85,21.15,2,1,160,0,96,0
2024/6/15 4:00,12.95,2311,0.416666667,2.6,21,3,1,170,0,97,0
2024/6/15 4:30,13.01,2287.5,46.375,2.275,21.3,4,1,215,0,95,1.5
2024/6/15 5:00,12.48,2264,92.33333333,1.95,21.6,5,1,260,0,93,3
2024/6/15 5:30,11.96,2300.5,201.125,2.1,21.8,6,1,265,0,93,21.5
2024/6/15 6:00,11.93,2337,309.9166667,2.25,22,7,1,270,0,93,40
2024/6/15 6:30,11.5,2445,482.5833334,2.2,23.1,7,1,225,0,86,64
2024/6/15 7:00,11.66,2553,655.25,2.15,24.2,7,1,180,0,79,88
2024/6/15 7:30,11.66,2716.5,843.25,2.375,24.95,7,1.5,175,0,76.5,114.5
2024/6/15 8:00,10.72,2880,1031.25,2.6,25.7,7,2,170,0,74,141
2024/6/15 8:30,10.41,3037.5,1175.416667,3.075,25.95,7,1.5,145,0,69,167
2024/6/15 9:00,9.85,3195,1319.583333,3.55,26.2,7,1,120,0,64,193
2024/6/15 9:30,9.83,3278,1431.416667,3.975,26.6,7,1.5,145,0,62.5,218.5
2024/6/15 10:00,9.83,3361,1543.25,4.4,27,7,2,170,0,61,244
2024/6/15 10:30,9.4,3408.5,1589.625,4.95,27.7,6.5,3,160,0,57.5,263.5
2024/6/15 11:00,9.4,3456,1636,5.5,28.4,6,4,150,0,54,283
2024/6/15 11:30,9.85,3463.5,1623.875,5.75,28.35,6,4.5,155,0,53,293
2024/6/15 12:00,9.83,3471,1611.75,6,28.3,6,5,160,0,52,303
2024/6/15 12:30,9.93,3475,1522.666667,5.825,28.25,6,4.5,155,0,49.5,297
2024/6/15 13:00,10.86,3479,1433.583333,5.65,28.2,6,4,150,0,47,291
2024/6/15 13:30,11.08,3426.5,1253.75,5.95,28.65,6.5,4,165,0,50,274.5
2024/6/15 14:00,11.66,3374,1073.916667,6.25,29.1,7,4,180,0,53,258
2024/6/15 14:30,12,3322.5,867.2083335,6.375,28.35,7,4,170,0,54.5,235
2024/6/15 15:00,12.45,3271,660.5,6.5,27.6,7,4,160,0,56,212
2024/6/15 15:30,12.62,3229.5,490.8333334,6.425,27.45,7,3,160,0,57,186.5
2024/6/15 16:00,12.22,3188,321.1666667,6.35,27.3,7,2,160,0,58,161
2024/6/15 16:30,14,3171,212.75,6.25,26.95,7,2.5,145,0,61,134.5
2024/6/15 17:00,14.67,3154,104.3333333,6.15,26.6,7,3,130,0,64,108
2024/6/15 17:30,15,3158.5,56.83333332,6.25,25.65,7,3.5,140,0,70,82.5
2024/6/15 18:00,19.75,3163,9.333333333,6.35,24.7,7,4,150,0,76,57
2024/6/15 18:30,19.3,3150.5,4.666666667,5.95,24.65,7,4.5,145,0.025,76,32
2024/6/15 19:00,18.37,3138,0,5.55,24.6,7,5,140,0.05,76,7
2024/6/15 19:30,18.1,3074,0,5.2,24.3,7,5,135,0.065,77,3.5
2024/6/15 20:00,15.6,3010,0,4.85,24,7,5,130,0.08,78,0
2024/6/15 20:30,15.34,2930,0,4.825,23.9,7,4,150,0.075,78.5,0
2024/6/15 21:00,14.89,2850,0,4.8,23.8,7,3,170,0.07,79,0
2024/6/15 21:30,13.24,2779,0,4.8,23.5,7,3,170,0.245,82,0
2024/6/15 22:00,14.1,2708,0,4.8,23.2,7,3,170,0.42,85,0
2024/6/15 22:30,12.93,2638.5,0,4.225,23.05,7,3.5,160,0.46,87,0
2024/6/15 23:00,12.7,2569,0,3.65,22.9,7,4,150,0.5,89,0
2024/6/15 23:30,12.22,2480,0,3.05,22.5,7.5,2.5,170,0.66,93,0
2024/6/16 0:00,13.37,2391,0,2.45,22.1,8,1,190,0.82,97,0
2024/6/16 0:30,12.93,2321,0,2.5,21.6,8,1,170,1.32,97.5,0
2024/6/16 1:00,12.58,2251,0,2.55,21.1,8,1,150,1.82,98,0
2024/6/16 1:30,12.3,2227.5,0,2.725,20.75,8,1.5,105,2.105,98.5,0
2024/6/16 2:00,12.12,2204,0,2.9,20.4,8,2,60,2.39,99,0
2024/6/16 2:30,12.12,2203,0,3.05,20.45,8,1.5,35,2.3,99.5,0
2024/6/16 3:00,12.12,2202,0,3.2,20.5,8,1,10,2.21,100,0
2024/6/16 3:30,12.12,2209,0.166666667,3,20.3,8,1,165,1.515,99.5,0
2024/6/16 4:00,12.12,2216,0.333333333,2.8,20.1,8,1,320,0.82,99,0
2024/6/16 4:30,11.96,2211.5,13.20833333,2.925,19.9,7.5,1,325,0.745,99.5,0.5
2024/6/16 5:00,11.88,2207,26.08333333,3.05,19.7,7,1,330,0.67,100,1
2024/6/16 5:30,11.66,2197.5,71.70833332,2.75,19.9,7,1,310,0.635,100,11
2024/6/16 6:00,11.51,2188,117.3333333,2.45,20.1,7,1,290,0.6,100,21
2024/6/16 6:30,11.27,2227,195.5,2,20.4,7,2,300,0.35,99.5,40
2024/6/16 7:00,11.06,2266,273.6666667,1.55,20.7,7,3,310,0.1,99,59
2024/6/16 7:30,11.23,2357.5,363.3333334,1.15,21.05,7,2,295,0.08,96.5,86.5
2024/6/16 8:00,11.66,2449,453,0.75,21.4,7,1,280,0.06,94,114
2024/6/16 8:30,11.66,2541.5,566.375,0.625,22.2,7,1,230,0.04,94,146
2024/6/16 9:00,11.66,2634,679.75,0.5,23,7,1,180,0.02,94,178
2024/6/16 9:30,10.34,2753,890.5833335,0.65,23.55,7,1,185,0.01,90,202
2024/6/16 10:00,10.34,2872,1101.416667,0.8,24.1,7,1,190,0,86,226
2024/6/16 10:30,10,2964,1217.666667,1,24.75,7,2,160,0,80,245
2024/6/16 11:00,8.52,3056,1333.916667,1.2,25.4,7,3,130,0,74,264
2024/6/16 11:30,7.93,3109,1376.625,1.125,26,7,3.5,135,0,74.5,274
2024/6/16 12:00,9.12,3162,1419.333333,1.05,26.6,7,4,140,0,75,284
2024/6/16 12:30,8.01,3174,1393.166667,1.25,26.7,6,4,145,0,70.5,298.5
2024/6/16 13:00,9.44,3186,1367,1.45,26.8,5,4,150,0,66,313
2024/6/16 13:30,10,3189,1285.5,1.875,27.25,4,4,160,0,66.5,310
2024/6/16 14:00,11.23,3192,1204,2.3,27.7,3,4,170,0,67,307
2024/6/16 14:30,11.93,3196,1056.583333,2.875,27.9,2,5,155,0,68,288
2024/6/16 15:00,12.12,3200,909.1666667,3.45,28.1,1,6,140,0,69,269
2024/6/16 15:30,12.07,3196,720.5416667,4.125,27.7,2,5,150,0,70,233.5
2024/6/16 16:00,11.76,3192,531.9166667,4.8,27.3,3,4,160,0,71,198
2024/6/16 16:30,12.93,3194.5,372.5416667,5.675,26.85,3.5,4,160,0,72.5,161.5
2024/6/16 17:00,15,3197,213.1666667,6.55,26.4,4,4,160,0,74,125
2024/6/16 17:30,16.32,3186,122.6666667,7.75,26,5,3.5,170,0,75,93
2024/6/16 18:00,16.68,3175,32.16666667,8.95,25.6,6,3,180,0,76,61
2024/6/16 18:30,20.73,3185.5,16.08333334,9.25,25.1,6,2.5,185,0,79.5,34.5
2024/6/16 19:00,20.73,3196,0,9.55,24.6,6,2,190,0,83,8
2024/6/16 19:30,20.2,3145.5,0,9.225,24.5,6,2,212.5,0,83.5,4
2024/6/16 20:00,19.04,3095,0,8.9,24.4,6,2,235,0,84,0
2024/6/16 20:30,15.78,3021,0,8.55,24.25,6,1.5,282.5,0,84.5,0
2024/6/16 21:00,15.63,2947,0,8.2,24.1,6,1,330,0,85,0
2024/6/16 21:30,13.53,2867,0,8.225,23.95,6,1,255,0,86.5,0
2024/6/16 22:00,13,2787,0,8.25,23.8,6,1,180,0,88,0
2024/6/16 22:30,15.85,2717,0,8.225,23.9,6,1,250,0,88,0
2024/6/16 23:00,13,2647,0,8.2,24,6,1,320,0,88,0
2024/6/16 23:30,13,2544,0,8.45,23.9,6,1,310,0.015,88.5,0
2024/6/17 0:00,12.04,2441,0,8.7,23.8,6,1,300,0.03,89,0
2024/6/17 0:30,11.96,2371.5,0,8.725,23.75,6.5,1,280,0.035,89.5,0
2024/6/17 1:00,11.81,2302,0,8.75,23.7,7,1,260,0.04,90,0
2024/6/17 1:30,11.78,2280,0,9.25,23.9,7,1,275,0.035,88.5,0
2024/6/17 2:00,11.66,2258,0,9.75,24.1,7,1,290,0.03,87,0
2024/6/17 2:30,11.66,2269,0,9.725,23.75,7,1,265,0.065,89.5,0
2024/6/17 3:00,11.66,2280,0,9.7,23.4,7,1,240,0.1,92,0
2024/6/17 3:30,11.66,2287.5,0.166666667,9.725,23.2,7,1,245,0.105,92.5,0
2024/6/17 4:00,11.81,2295,0.333333333,9.75,23,7,1,250,0.11,93,0
2024/6/17 4:30,11.9,2315.5,43.08333333,9.575,22.95,6.5,1,235,0.085,93.5,1
2024/6/17 5:00,11.66,2336,85.83333333,9.4,22.9,6,1,220,0.06,94,2
2024/6/17 5:30,11.44,2443,205.4583333,8.95,23.8,6,2,265,0.065,90.5,22
2024/6/17 6:00,11.25,2550,325.0833333,8.5,24.7,6,3,310,0.07,87,42
2024/6/17 6:30,11.06,2765.5,458.5416667,8.3,25.65,6,2.5,330,0.035,80,66
2024/6/17 7:00,10,2981,592,8.1,26.6,6,2,350,0,73,90
2024/6/17 7:30,9.1,3253.5,740.2083334,8.275,26.9,6.5,2.5,185,0,72.5,113.5
2024/6/17 8:00,7.93,3526,888.4166667,8.45,27.2,7,3,20,0,72,137
2024/6/17 8:30,11.42,3758.5,1022.916667,8,27.85,7,2,180,0,68,157.5
2024/6/17 9:00,11.66,3991,1157.416667,7.55,28.5,7,1,340,0,64,178
2024/6/17 9:30,11.66,4081.5,1198.5,7.55,29.1,7,2,345,0,61,202
2024/6/17 10:00,11.53,4172,1239.583333,7.55,29.7,7,3,350,0,58,226
2024/6/17 10:30,11.64,4140.5,1142.5,7.25,29.8,7,3,200,0.01,55.5,245
2024/6/17 11:00,11.66,4109,1045.416667,6.95,29.9,7,3,50,0.02,53,264
2024/6/17 11:30,11.66,4070,1012.708334,6.8,29.95,7,2.5,95,0.01,58,274
2024/6/17 12:00,11.49,4031,980,6.65,30,7,2,140,0,63,284
2024/6/17 12:30,11.53,4072.5,869.0416667,6.1,29.65,7,2,145,0.01,65.5,277.5
2024/6/17 13:00,12.28,4114,758.0833333,5.55,29.3,7,2,150,0.02,68,271
2024/6/17 13:30,16.22,4070.5,585.3333333,5.25,28.85,7.5,2.5,155,0.025,69,255.5
2024/6/17 14:00,20.5,4027,412.5833333,4.95,28.4,8,3,160,0.03,70,240
2024/6/17 14:30,20.72,3929.5,311.125,4.675,28.15,8,3,165,0.035,71.5,218
2024/6/17 15:00,20.72,3832,209.6666667,4.4,27.9,8,3,170,0.04,73,196
2024/6/17 15:30,20.72,3802.5,172.75,3.975,27.55,8,4,155,0.02,72,155
2024/6/17 16:00,20.72,3773,135.8333333,3.55,27.2,8,5,140,0,71,114
2024/6/17 16:30,20.72,3718,95.62499998,3.325,26.7,8,3,135,0,71,81
2024/6/17 17:00,20.72,3663,55.41666667,3.1,26.2,8,1,130,0,71,48
2024/6/17 17:30,20.72,3653,31,2.975,26.15,8,2,130,0,68,27.5
2024/6/17 18:00,20.72,3643,6.583333333,2.85,26.1,8,3,130,0,65,7
2024/6/17 18:30,20.72,3602,3.291666667,3.025,25.4,8,3,135,0,68,4
2024/6/17 19:00,20.72,3561,0,3.2,24.7,8,3,140,0,71,1
2024/6/17 19:30,20.72,3479,0,3.45,24.85,8,3,135,0,72,0.5
2024/6/17 20:00,20.72,3397,0,3.7,25,8,3,130,0,73,0
2024/6/17 20:30,20.72,3297,0,4,24.6,8,2,120,0,75.5,0
2024/6/17 21:00,20.72,3197,0,4.3,24.2,8,1,110,0,78,0
2024/6/17 21:30,20,3127.5,0,4.475,24.45,8,2,125,0.07,77,0
2024/6/17 22:00,16.32,3058,0,4.65,24.7,8,3,140,0.14,76,0
2024/6/17 22:30,16.3,2968,0,4.4,24.45,8,2,225,0.14,75,0
2024/6/17 23:00,15.34,2878,0,4.15,24.2,8,1,310,0.14,74,0
2024/6/17 23:30,12.2,2761,0,4.075,23.35,8,1,255,0.145,83.5,0
2024/6/18 0:00,12.08,2644,0,4,22.5,8,1,200,0.15,93,0
2024/6/18 0:30,12.05,2559,0,4.075,22,8,2,190,0.285,95,0
2024/6/18 1:00,12,2474,0,4.15,21.5,8,3,180,0.42,97,0
2024/6/18 1:30,11.88,2441,0,4.7,21.35,8,2,220,0.48,98.5,0
2024/6/18 2:00,11.88,2408,0,5.25,21.2,8,1,260,0.54,100,0
2024/6/18 2:30,11.76,2402,0,4.525,21,8,2,275,0.69,99,0
2024/6/18 3:00,11.81,2396,0,3.8,20.8,8,3,290,0.84,98,0
2024/6/18 3:30,11.85,2409.5,0.166666667,3.225,20.45,8,3,280,0.96,99,0
2024/6/18 4:00,11.8,2423,0.333333333,2.65,20.1,8,3,270,1.08,100,0
2024/6/18 4:30,11.8,2445,7.000000001,2.575,20,8,2,275,1.42,99.5,0
2024/6/18 5:00,12,2467,13.66666667,2.5,19.9,8,1,280,1.76,99,0
2024/6/18 5:30,12.04,2521.5,19.70833334,2.475,19.6,8,1,175,2.46,99.5,2.5
2024/6/18 6:00,12.54,2576,25.75,2.45,19.3,8,1,70,3.16,100,5
2024/6/18 6:30,12.8,2703,34.91666667,2.2,19.2,8,1.5,55,4.03,100,8
2024/6/18 7:00,12.8,2830,44.08333333,1.95,19.1,8,2,40,4.9,100,11
2024/6/18 7:30,13.85,3005,54.66666667,2.1,19,8,2.5,45,4.89,100,14.5
2024/6/18 8:00,13.5,3180,65.25,2.25,18.9,8,3,50,4.88,100,18
2024/6/18 8:30,18.1,3313.5,75.75,2.35,19.1,8,2.5,195,5.56,100,21.5
2024/6/18 9:00,20.74,3447,86.25,2.45,19.3,8,2,340,6.24,100,25
2024/6/18 9:30,20.74,3466,89.375,2.8,19.1,8,2.5,345,5.91,99.5,28
2024/6/18 10:00,20.74,3485,92.5,3.15,18.9,8,3,350,5.58,99,31
2024/6/18 10:30,20.5,3484,91.91666667,3.625,18.85,8,2.5,335,5.475,98.5,33
2024/6/18 11:00,16.73,3483,91.33333333,4.1,18.8,8,2,320,5.37,98,35
2024/6/18 11:30,18.08,3414.5,89,4.7,18.95,8,1.5,335,5.83,99,36
2024/6/18 12:00,16.22,3346,86.66666667,5.3,19.1,8,1,350,6.29,100,37
2024/6/18 12:30,14.97,3393.5,81.75,6.225,19,8,2,330,6.675,100,36.5
2024/6/18 13:00,17.12,3441,76.83333333,7.15,18.9,8,3,310,7.06,100,36
2024/6/18 13:30,20.74,3433.5,73.41666667,8.375,18.9,8,2,160,8.455,99.5,34.5
2024/6/18 14:00,20.74,3426,70,9.6,18.9,8,1,10,9.85,99,33
2024/6/18 14:30,17.86,3393,68.5,10.225,18.9,8,1,15,9.795,99,30
2024/6/18 15:00,16.32,3360,67,10.85,18.9,8,1,20,9.74,99,27
2024/6/18 15:30,19.98,3368.5,62.375,10.775,18.9,8,1.5,180,8.245,99.5,24
2024/6/18 16:00,20.74,3377,57.75,10.7,18.9,8,2,340,6.75,100,21
2024/6/18 16:30,20.74,3333,44.70833334,10.4,18.8,8,2,330,5.9,100,17.5
2024/6/18 17:00,18.31,3289,31.66666667,10.1,18.7,8,2,320,5.05,100,14
2024/6/18 17:30,18.2,3271.5,18.70833334,9.55,18.65,8,2,325,5.575,100,10.5
2024/6/18 18:00,18.34,3254,5.75,9,18.6,8,2,330,6.1,100,7
2024/6/18 18:30,20.08,3211.5,2.875,8.6,18.7,8,1.5,325,4.2,99.5,4.5
2024/6/18 19:00,19,3169,0,8.2,18.8,8,1,320,2.3,99,2
2024/6/18 19:30,16.6,3102,0,7.65,18.7,8,1,320,1.375,99.5,1
2024/6/18 20:00,16.22,3035,0,7.1,18.6,8,1,320,0.45,100,0
2024/6/18 20:30,14.21,2954,0,7.45,18.6,8,1,325,0.32,100,0
2024/6/18 21:00,13.5,2873,0,7.8,18.6,8,1,330,0.19,100,0
2024/6/18 21:30,12.93,2810.5,0,8.25,18.65,8,1.5,320,0.18,100,0
2024/6/18 22:00,12.93,2748,0,8.7,18.7,8,2,310,0.17,100,0
2024/6/18 22:30,12.93,2681.5,0,8.475,18.6,7.5,1.5,305,0.16,100,0
2024/6/18 23:00,12.76,2615,0,8.25,18.5,7,1,300,0.15,100,0
2024/6/18 23:30,12,2508.5,0,7.275,18.3,6.5,1,310,0.075,100,0
2024/6/19 0:00,13,2402,0,6.3,18.1,6,1,320,0,100,0
2024/6/19 0:30,12.61,2340.5,0,6.75,18,6,1,315,0,100,0
2024/6/19 1:00,13.21,2279,0,7.2,17.9,6,1,310,0,100,0
2024/6/19 1:30,12.42,2268,0,7.4,17.8,6,1,305,0,100,0
2024/6/19 2:00,12.24,2257,0,7.6,17.7,6,1,300,0,100,0
2024/6/19 2:30,12.7,2271.5,0,8.1,17.65,5.5,1,295,0,100,0
2024/6/19 3:00,13,2286,0,8.6,17.6,5,1,290,0,100,0
2024/6/19 3:30,12.82,2298.5,0.166666667,8.85,17.5,4.5,1,320,0,100,0
2024/6/19 4:00,12.57,2311,0.333333333,9.1,17.4,4,1,350,0,100,0
2024/6/19 4:30,12.57,2323,47.70833333,8.875,17.4,3,1,330,0,100,1.5
2024/6/19 5:00,12.35,2335,95.08333333,8.65,17.4,2,1,310,0,100,3
2024/6/19 5:30,11.67,2383,228.5416667,8.025,17.9,1.5,1,165,0,100,26.5
2024/6/19 6:00,11.53,2431,362,7.4,18.4,1,1,20,0,100,50
2024/6/19 6:30,11.35,2568,556.0416667,6.95,19.6,1,1,25,0,93.5,81
2024/6/19 7:00,10.36,2705,750.0833333,6.5,20.8,1,1,30,0,87,112
2024/6/19 7:30,9.83,2928.5,934.7500002,6.425,21.7,1,1,150,0,86.5,146
2024/6/19 8:00,10.72,3152,1119.416667,6.35,22.6,1,1,270,0,86,180
2024/6/19 8:30,11.22,3350,1259.333334,6.15,23.45,1,1.5,310,0,76,214
2024/6/19 9:00,11.27,3548,1399.25,5.95,24.3,1,2,350,0,66,248
2024/6/19 9:30,10.86,3643,1488.208334,5.575,25.3,1,1.5,210,0,60.5,276.5
2024/6/19 10:00,9.64,3738,1577.166667,5.2,26.3,1,1,70,0,55,305
2024/6/19 10:30,9.33,3787.5,1611.375,4.875,27.2,1,1,60,0,53.5,325
2024/6/19 11:00,10.82,3837,1645.583333,4.55,28.1,1,1,50,0,52,345
2024/6/19 11:30,10.74,3804.5,1631.75,4.25,28.4,1,2.5,105,0,53.5,353
2024/6/19 12:00,9.85,3772,1617.916667,3.95,28.7,1,4,160,0,55,361
2024/6/19 12:30,9.85,3836.5,1557.5,3.975,29.05,1.5,4,160,0,52,354
2024/6/19 13:00,11.25,3901,1497.083333,4,29.4,2,4,160,0,49,347
2024/6/19 13:30,11.3,3903,1383.083333,4,29.05,2.5,4.5,160,0,47.5,327.5
2024/6/19 14:00,11.45,3905,1269.083333,4,28.7,3,5,160,0,46,308
2024/6/19 14:30,11.67,3885,1112.083333,3.95,28.8,3.5,4.5,160,0,48.5,279
2024/6/19 15:00,11.85,3865,955.0833333,3.9,28.9,4,4,160,0,51,250
2024/6/19 15:30,14.97,3846.5,769.8333333,3.725,28.6,3.5,4,160,0,53.5,222.5
2024/6/19 16:00,17.78,3828,584.5833333,3.55,28.3,3,4,160,0,56,195
2024/6/19 16:30,20.7,3746,410.6666667,3.425,27.85,3,5,155,0,58,164
2024/6/19 17:00,20.7,3664,236.75,3.3,27.4,3,6,150,0,60,133
2024/6/19 17:30,20.7,3588.5,138.25,3.35,26.7,2.5,5,165,0,61.5,102.5
2024/6/19 18:00,20.7,3513,39.75,3.4,26,2,4,180,0,63,72
2024/6/19 18:30,20.7,3462.5,19.875,3.475,25.25,1.5,4.5,185,0,62.5,41
2024/6/19 19:00,20.7,3412,0,3.55,24.5,1,5,190,0,62,10
2024/6/19 19:30,20.7,3323,0,3.4,23.95,1,4.5,180,0,63.5,5
2024/6/19 20:00,20.7,3234,0,3.25,23.4,1,4,170,0,65,0
2024/6/19 20:30,20.7,3134,0,3.05,23.05,0.5,3.5,185,0,67.5,0
2024/6/19 21:00,18.1,3034,0,2.85,22.7,0,3,200,0,70,0
2024/6/19 21:30,15,2960.5,0,2.75,22.85,0,3.5,190,0,68.5,0
2024/6/19 22:00,13.95,2887,0,2.65,23,0,4,180,0,67,0
2024/6/19 22:30,12.93,2808,0,2.575,22.6,0.5,3,175,0,69.5,0
2024/6/19 23:00,12.93,2729,0,2.5,22.2,1,2,170,0,72,0
2024/6/19 23:30,12,2616.5,0,2.7,22,1.5,2,170,0,73.5,0
2024/6/20 0:00,13.1,2504,0,2.9,21.8,2,2,170,0,75,0
2024/6/20 0:30,13,2431,0,2.725,21.65,2,2,175,0,78.5,0
2024/6/20 1:00,13.09,2358,0,2.55,21.5,2,2,180,0,82,0
2024/6/20 1:30,12.63,2331,0,2.425,21.25,2,2,185,0,85,0
2024/6/20 2:00,12.78,2304,0,2.3,21,2,2,190,0,88,0
2024/6/20 2:30,12.78,2313.5,0,1.95,21,2.5,2,190,0,89.5,0
2024/6/20 3:00,12.93,2323,0,1.6,21,3,2,190,0,91,0
2024/6/20 3:30,12.68,2323.5,0.125,1.475,21.2,3.5,2,205,0,89.5,0
2024/6/20 4:00,12.91,2324,0.25,1.35,21.4,4,2,220,0,88,0
2024/6/20 4:30,12.98,2329.5,47.20833334,1.225,21.2,5,1.5,230,0,88,1.5
2024/6/20 5:00,12.39,2335,94.16666667,1.1,21,6,1,240,0,88,3
2024/6/20 5:30,12.18,2409,220.7083333,0.925,21.4,6.5,1,260,0,87,21
2024/6/20 6:00,11.7,2483,347.25,0.75,21.8,7,1,280,0,86,39
2024/6/20 6:30,11.53,2655.5,523.7916667,0.65,22.65,7,1,300,0,80.5,64
2024/6/20 7:00,11.66,2828,700.3333333,0.55,23.5,7,1,320,0,75,89
2024/6/20 7:30,11.66,3068.5,854.2500002,0.5,24.3,7,1,270,0,70.5,118
2024/6/20 8:00,11.49,3309,1008.166667,0.45,25.1,7,1,220,0,66,147
2024/6/20 8:30,11.89,3499,1121.708334,0.5,25.8,7,1,205,0,64.5,176.5
2024/6/20 9:00,12.22,3689,1235.25,0.55,26.5,7,1,190,0,63,206
2024/6/20 9:30,12.22,3776,1322.083334,0.625,26.55,7,2.5,175,0,64.5,227.5
2024/6/20 10:00,11.89,3863,1408.916667,0.7,26.6,7,4,160,0,66,249
2024/6/20 10:30,11.66,3907,1428.291667,0.9,26.75,7,3.5,155,0,66,262.5
2024/6/20 11:00,11.91,3951,1447.666667,1.1,26.9,7,3,150,0,66,276
2024/6/20 11:30,11.89,3907.5,1391.166667,1.325,27.25,7,4,150,0,65,280
2024/6/20 12:00,11.66,3864,1334.666667,1.55,27.6,7,5,150,0,64,284
2024/6/20 12:30,11.53,3884,1216.666667,1.875,27.65,7,5,150,0,62,281
2024/6/20 13:00,11.93,3904,1098.666667,2.2,27.7,7,5,150,0,60,278
2024/6/20 13:30,12,3869,988.6666669,2.475,27.45,7,5,150,0,61,265.5
2024/6/20 14:00,13,3834,878.6666667,2.75,27.2,7,5,150,0,62,253
2024/6/20 14:30,15.97,3803,757.6666667,3.15,26.95,7,5,150,0,64,232.5
2024/6/20 15:00,12.45,3772,636.6666667,3.55,26.7,7,5,150,0,66,212
2024/6/20 15:30,14.5,3746.5,517.3333334,3.925,26.75,7,4.5,155,0,65.5,187
2024/6/20 16:00,16.22,3721,398,4.3,26.8,7,4,160,0,65,162
2024/6/20 16:30,17.55,3644.5,284.7083334,4.55,26.35,7,4,170,0,66,135.5
2024/6/20 17:00,18.2,3568,171.4166667,4.8,25.9,7,4,180,0,67,109
2024/6/20 17:30,18.49,3535,99.79166669,4.975,25.45,7,5,180,0,70,83.5
2024/6/20 18:00,18.1,3502,28.16666667,5.15,25,7,6,180,0,73,58
2024/6/20 18:30,18.44,3473.5,14.08333334,5.2,24.6,7,4.5,180,0,75.5,33
2024/6/20 19:00,19.97,3445,0,5.25,24.2,7,3,180,0,78,8
2024/6/20 19:30,19.65,3362,0,5.45,24.05,7,3,185,0,78,4
2024/6/20 20:00,16.6,3279,0,5.65,23.9,7,3,190,0,78,0
2024/6/20 20:30,16.19,3182.5,0,5.675,23.75,7,3.5,185,0,79.5,0
2024/6/20 21:00,13.64,3086,0,5.7,23.6,7,4,180,0,81,0
2024/6/20 21:30,12.93,3008.5,0,5.9,23.6,6.5,3.5,185,0,81,0
2024/6/20 22:00,16.02,2931,0,6.1,23.6,6,3,190,0,81,0
2024/6/20 22:30,13.97,2852,0,5.725,23.45,6,3,185,0,80.5,0
2024/6/20 23:00,14.17,2773,0,5.35,23.3,6,3,180,0,80,0
2024/6/20 23:30,14.3,2659,0,4.925,23.1,5.5,4,185,0,81.5,0
2024/6/21 0:00,12.84,2545,0,4.5,22.9,5,5,190,0,83,0
2024/6/21 0:30,12.4,2472,0,4.075,22.8,4.5,4,190,0,83.5,0
2024/6/21 1:00,12.93,2399,0,3.65,22.7,4,3,190,0,84,0
2024/6/21 1:30,12.4,2374.5,0,3.4,22.75,4,3.5,195,0,83,0
2024/6/21 2:00,12.22,2350,0,3.15,22.8,4,4,200,0,82,0
2024/6/21 2:30,12.12,2361,0,2.825,22.45,3.5,3.5,185,0,84.5,0
2024/6/21 3:00,12.12,2372,0,2.5,22.1,3,3,170,0,87,0
2024/6/21 3:30,11.93,2381,0.125,2.375,22.4,4,2.5,170,0,87,0
2024/6/21 4:00,12.12,2390,0.25,2.25,22.7,5,2,170,0,87,0
2024/6/21 4:30,12.12,2406.5,13.41666667,2.225,22.65,5.5,2.5,180,0,88,1
2024/6/21 5:00,11.93,2423,26.58333333,2.2,22.6,6,3,190,0,89,2
2024/6/21 5:30,12.28,2494,41.70833333,2.175,22.75,7,3,180,0,89,11.5
2024/6/21 6:00,12.27,2565,56.83333333,2.15,22.9,8,3,170,0,89,21
2024/6/21 6:30,12.16,2692,75.875,2.15,22.95,8,3.5,180,0.07,89,30
2024/6/21 7:00,12,2819,94.91666667,2.15,23,8,4,190,0.14,89,39
2024/6/21 7:30,12.96,3013,127.5,2.6,22.65,8,3.5,195,0.155,92,44.5
2024/6/21 8:00,12.72,3207,160.0833333,3.05,22.3,8,3,200,0.17,95,50
2024/6/21 8:30,12.93,3356,143.9166667,3.475,22.3,8,3,230,0.265,95,51
2024/6/21 9:00,14,3505,127.75,3.9,22.3,8,3,260,0.36,95,52
2024/6/21 9:30,14,3508,121.125,3.525,21.4,8,3.5,240,0.81,96,52.5
2024/6/21 10:00,12.9,3511,114.5,3.15,20.5,8,4,220,1.26,97,53
2024/6/21 10:30,12.8,3517,107.5,2.8,19.8,8,4,185,1.77,97.5,50.5
2024/6/21 11:00,15.58,3523,100.5,2.45,19.1,8,4,150,2.28,98,48
2024/6/21 11:30,15.58,3453.5,92.16666667,2.825,18.9,8,3.5,105,3.335,97,42.5
2024/6/21 12:00,13.56,3384,83.83333333,3.2,18.7,8,3,60,4.39,96,37
2024/6/21 12:30,12.35,3389.5,87.41666667,3.225,18.4,8,3.5,45,5.915,96,36.5
2024/6/21 13:00,14,3395,91,3.25,18.1,8,4,30,7.44,96,36
2024/6/21 13:30,14,3366.5,102.0833334,3.65,17.8,8,4.5,30,7.75,96.5,34.5
2024/6/21 14:00,12.76,3338,113.1666667,4.05,17.5,8,5,30,8.06,97,33
2024/6/21 14:30,12.93,3292,116.5416667,4.375,17.6,8,3.5,190,6.58,98,30
2024/6/21 15:00,11.66,3246,119.9166667,4.7,17.7,8,2,350,5.1,99,27
2024/6/21 15:30,12,3236.5,128,4.825,17.95,8,2.5,345,4.135,99,35.5
2024/6/21 16:00,12.22,3227,136.0833333,4.95,18.2,8,3,340,3.17,99,44
2024/6/21 16:30,13,3192,119.375,4.975,18.4,7.5,3.5,335,2.56,99,44
2024/6/21 17:00,14.26,3157,102.6666667,5,18.6,7,4,330,1.95,99,44
2024/6/21 17:30,15,3142.5,63.45833335,4.975,18.7,7,4,325,1.395,98.5,37
2024/6/21 18:00,15,3128,24.25,4.95,18.8,7,4,320,0.84,98,30
2024/6/21 18:30,15.6,3109,12.125,4.625,18.8,7,3.5,330,0.46,96.5,17
2024/6/21 19:00,15.44,3090,0,4.3,18.8,7,3,340,0.08,95,4
2024/6/21 19:30,13.05,3025.5,0,4.075,18.8,7,3,330,0.055,95,2
2024/6/21 20:00,13.09,2961,0,3.85,18.8,7,3,320,0.03,95,0
2024/6/21 20:30,12.93,2879,0,3.875,19,7,3,325,0.015,94.5,0
2024/6/21 21:00,12.93,2797,0,3.9,19.2,7,3,330,0,94,0
2024/6/21 21:30,12.82,2737.5,0,3.625,18.65,6.5,3.5,320,0,95.5,0
2024/6/21 22:00,13,2678,0,3.35,18.1,6,4,310,0,97,0
2024/6/21 22:30,12.22,2612.5,0,3.2,18.05,5.5,3.5,315,0,97,0
2024/6/21 23:00,12.08,2547,0,3.05,18,5,3,320,0,97,0
2024/6/21 23:30,11.66,2453,0,4.25,18.3,4.5,3,325,0,94.5,0
2024/6/22 0:00,10.03,2359,0,5.45,18.6,4,3,330,0,92,0
2024/6/22 0:30,10,2299,0,5.325,18.3,4,3,325,0,90.5,0
2024/6/22 1:00,10,2239,0,5.2,18,4,3,320,0,89,0
2024/6/22 1:30,10.79,2220.5,0,4.825,17.75,3.5,2.5,305,0,91.5,0
2024/6/22 2:00,10.79,2202,0,4.45,17.5,3,2,290,0,94,0
2024/6/22 2:30,9.53,2215,0,4.275,17.5,2.5,2.5,295,0,94,0
2024/6/22 3:00,9.96,2228,0,4.1,17.5,2,3,300,0,94,0
2024/6/22 3:30,9.38,2222,0.125,3.825,17.25,2.5,2,305,0,95,0
2024/6/22 4:00,9.4,2216,0.25,3.55,17,3,1,310,0,96,0
2024/6/22 4:30,9.4,2202,44.16666667,3.125,17,4,1,295,0,97,1.5
2024/6/22 5:00,9.29,2188,88.08333333,2.7,17,5,1,280,0,98,3
2024/6/22 5:30,5,2185.5,225.2916667,2.325,17.7,5.5,1,275,0,96,22.5
2024/6/22 6:00,7.63,2183,362.5,1.95,18.4,6,1,270,0,94,42
2024/6/22 6:30,4,2260,554.125,1.475,19.8,6,1,220,0,84,66.5
2024/6/22 7:00,5.14,2337,745.75,1,21.2,6,1,170,0,74,91
2024/6/22 7:30,1,2487,907.25,0.8,22.4,6.5,1,165,0,66,117
2024/6/22 8:00,7.56,2637,1068.75,0.6,23.6,7,1,160,0,58,143
2024/6/22 8:30,8.49,2761,1101.583334,0.575,24.35,7,1,190,0,57,167.5
2024/6/22 9:00,8.01,2885,1134.416667,0.55,25.1,7,1,220,0,56,192
2024/6/22 9:30,4,2918.5,1118.958334,0.675,25.75,7,2,200,0,55,215
2024/6/22 10:00,0.42,2952,1103.5,0.8,26.4,7,3,180,0,54,238
2024/6/22 10:30,0.1,2972,1125.291667,0.75,27.3,7,3,180,0,54,254
2024/6/22 11:00,3,2992,1147.083333,0.7,28.2,7,3,180,0,54,270
2024/6/22 11:30,5,3022.5,1207.791667,0.775,27.8,7,3.5,160,0,54.5,277
2024/6/22 12:00,7.85,3053,1268.5,0.85,27.4,7,4,140,0,55,284
2024/6/22 12:30,8.03,3123.5,1271.75,1.075,28.1,7,4.5,145,0,54,270.5
2024/6/22 13:00,9.16,3194,1275,1.3,28.8,7,5,150,0,53,257
2024/6/22 13:30,9.53,3166.5,1107.833333,1.575,28.6,7,4.5,155,0,53.5,234.5
2024/6/22 14:00,9.95,3139,940.6666667,1.85,28.4,7,4,160,0,54,212
2024/6/22 14:30,10.79,3103,788.875,2.325,28.4,7,4.5,155,0.01,56,185
2024/6/22 15:00,12.32,3067,637.0833333,2.8,28.4,7,5,150,0.02,58,158
2024/6/22 15:30,13.05,3048,499.9583333,3.325,27.85,7,4,160,0.01,59,130.5
2024/6/22 16:00,10.42,3029,362.8333333,3.85,27.3,7,3,170,0,60,103
2024/6/22 16:30,10.44,3026,245.1666667,4.875,26.95,7,3.5,170,0,60,80
2024/6/22 17:00,10.86,3023,127.5,5.9,26.6,7,4,170,0,60,57
2024/6/22 17:30,11.85,3031,70.08333333,6.6,26.55,7,4.5,180,0,60,40
2024/6/22 18:00,12.86,3039,12.66666667,7.3,26.5,7,5,190,0,60,23
2024/6/22 18:30,13.23,3036.5,6.333333335,7.875,26.1,7,5,190,0,61,13
2024/6/22 19:00,13.13,3034,0,8.45,25.7,7,5,190,0,62,3
2024/6/22 19:30,12.86,2980.5,0,8.975,25.6,7,4.5,185,0,61,1.5
2024/6/22 20:00,13.09,2927,0,9.5,25.5,7,4,180,0,60,0
2024/6/22 20:30,12.86,2851,0,9.85,25.3,7,4.5,180,0,60,0
2024/6/22 21:00,11.85,2775,0,10.2,25.1,7,5,180,0,60,0
2024/6/22 21:30,11.79,2711.5,0,10.825,25.25,7,5,190,0.025,57,0
2024/6/22 22:00,12.4,2648,0,11.45,25.4,7,5,200,0.05,54,0
2024/6/22 22:30,13,2586.5,0,11.175,24.85,7,4.5,205,0.05,55,0
2024/6/22 23:00,12.45,2525,0,10.9,24.3,7,4,210,0.05,56,0
2024/6/22 23:30,11.61,2434,0,10.925,24.1,7.5,4,205,0.05,56.5,0
2024/6/23 0:00,13.53,2343,0,10.95,23.9,8,4,200,0.05,57,0
2024/6/23 0:30,12.88,2279.5,0,11.1,23.75,8,4.5,190,0.23,59,0
2024/6/23 1:00,12.81,2216,0,11.25,23.6,8,5,180,0.41,61,0
2024/6/23 1:30,12.01,2190,0,11.875,22.85,8,4.5,180,0.605,67,0
2024/6/23 2:00,11.58,2164,0,12.5,22.1,8,4,180,0.8,73,0
2024/6/23 2:30,11.58,2176,0,13.575,21.25,8,3.5,175,0.65,85,0
2024/6/23 3:00,11.58,2188,0,14.65,20.4,8,3,170,0.5,97,0
2024/6/23 3:30,12,2196.5,0.083333334,15.3,20.75,8,4,170,0.465,96,0
2024/6/23 4:00,11.85,2205,0.166666667,15.95,21.1,8,5,170,0.43,95,0
2024/6/23 4:30,11.56,2204.5,5.083333334,16.675,20.9,8,4.5,165,0.51,96.5,0
2024/6/23 5:00,11.06,2204,10,17.4,20.7,8,4,160,0.59,98,0
2024/6/23 5:30,10.77,2210,15.75,17.6,20.85,8,4,160,1.1,98.5,2.5
2024/6/23 6:00,10.78,2216,21.5,17.8,21,8,4,160,1.61,99,5
2024/6/23 6:30,10.65,2270,32.5,16.85,21,8,2.5,140,2.605,99.5,8
2024/6/23 7:00,10.78,2324,43.5,15.9,21,8,1,120,3.6,100,11
2024/6/23 7:30,11.14,2382,76.875,15.575,21.05,8,2,220,5.065,100,14.5
2024/6/23 8:00,12.19,2440,110.25,15.25,21.1,8,3,320,6.53,100,18
2024/6/23 8:30,12.81,2514.5,209.4583334,14.775,21.25,8,2,330,5.72,100,21.5
2024/6/23 9:00,13,2589,308.6666667,14.3,21.4,8,1,340,4.91,100,25
2024/6/23 9:30,13.73,2622,386.1666667,12.825,21.3,8,2.5,325,2.965,99.5,33.5
2024/6/23 10:00,12.88,2655,463.6666667,11.35,21.2,8,4,310,1.02,99,42
2024/6/23 10:30,12.43,2711.5,536.0416667,9.95,21,8,3.5,300,0.695,99,51
2024/6/23 11:00,12.13,2768,608.4166667,8.55,20.8,8,3,290,0.37,99,60
2024/6/23 11:30,12.13,2803.5,556.375,7.85,21.7,8,2.5,295,0.315,95,68.5
2024/6/23 12:00,11.97,2839,504.3333333,7.15,22.6,8,2,300,0.26,91,77
2024/6/23 12:30,11.29,2837.5,421.6666667,6.75,22.9,8,1.5,285,0.195,92.5,69.5
2024/6/23 13:00,11.39,2836,339,6.35,23.2,8,1,270,0.13,94,62
2024/6/23 13:30,12.18,2844.5,260.9166667,6.15,23.1,8,1,315,0.22,93.5,53.5
2024/6/23 14:00,13.45,2853,182.8333333,5.95,23,8,1,360,0.31,93,45
2024/6/23 14:30,13.75,2843.5,137.0416667,5.875,22.6,8,1,200,0.32,96,36
2024/6/23 15:00,13.07,2834,91.25,5.8,22.2,8,1,40,0.33,99,27
2024/6/23 15:30,15,2853,72.75,5.925,22.15,8,1,40,0.29,99.5,24
2024/6/23 16:00,15,2872,54.25,6.05,22.1,8,1,40,0.25,100,21
2024/6/23 16:30,17.51,2907.5,39.08333334,6.1,22.1,8,1.5,30,0.235,98.5,17.5
2024/6/23 17:00,15,2943,23.91666667,6.15,22.1,8,2,20,0.22,97,14
2024/6/23 17:30,15.69,2975,14.625,6.125,21.9,8,1.5,185,0.21,98,11
2024/6/23 18:00,17.5,3007,5.333333333,6.1,21.7,8,1,350,0.2,99,8
2024/6/23 18:30,17.49,3000,2.666666667,6.125,21.65,8,1.5,340,0.125,99,5
2024/6/23 19:00,15.81,2993,0,6.15,21.6,8,2,330,0.05,99,2
2024/6/23 19:30,16.3,2946,0,6.525,21.7,7.5,2.5,320,0.05,99,1
2024/6/23 20:00,17.51,2899,0,6.9,21.8,7,3,310,0.05,99,0
2024/6/23 20:30,17.26,2832,0,7.525,21.6,7,2,315,0.05,98.5,0
2024/6/23 21:00,15,2765,0,8.15,21.4,7,1,320,0.05,98,0
2024/6/23 21:30,13.19,2694,0,9.55,21.3,7,1,255,0.08,99,0
2024/6/23 22:00,13.31,2623,0,10.95,21.2,7,1,190,0.11,100,0
2024/6/23 22:30,12.88,2563.5,0,11,21,7,1,210,0.115,100,0
2024/6/23 23:00,12.28,2504,0,11.05,20.8,7,1,230,0.12,100,0
2024/6/23 23:30,12.24,2415.5,0,10.2,20.9,7,1,205,0.075,100,0
2024/6/24 0:00,11.73,2327,0,9.35,21,7,1,180,0.03,100,0
2024/6/24 0:30,11.15,2268.5,0,9,21.15,7,1,105,0.17,100,0
2024/6/24 1:00,11,2210,0,8.65,21.3,7,1,30,0.31,100,0
2024/6/24 1:30,11,2196.5,0,8.9,21.35,7,1,25,0.255,100,0
2024/6/24 2:00,10.78,2183,0,9.15,21.4,7,1,20,0.2,100,0
2024/6/24 2:30,10.78,2201,0,9.15,21.35,7,1,40,0.195,100,0
2024/6/24 3:00,10.78,2219,0,9.15,21.3,7,1,60,0.19,100,0
2024/6/24 3:30,10.78,2234.5,0.041666667,9.175,21.5,7,1,200,0.16,100,0
2024/6/24 4:00,11.73,2250,0.083333333,9.2,21.7,7,1,340,0.13,100,0
2024/6/24 4:30,11.87,2274.5,29.58333333,9.275,21.75,7,1,350,0.13,99.5,1
2024/6/24 5:00,11.6,2299,59.08333333,9.35,21.8,7,1,360,0.13,99,2
2024/6/24 5:30,10.99,2380,127.75,9.2,22,7,1,230,0.13,98,13.5
2024/6/24 6:00,10.94,2461,196.4166667,9.05,22.2,7,1,100,0.13,97,25
2024/6/24 6:30,10.78,2621.5,315.0833334,9.5,22.55,6.5,1,210,0.065,96,50
2024/6/24 7:00,11.41,2782,433.75,9.95,22.9,6,1,320,0,95,75
2024/6/24 7:30,11.69,3043,628.125,10.175,24.25,5.5,1,335,0,88.5,110.5
2024/6/24 8:00,11.69,3304,822.5,10.4,25.6,5,1,350,0,82,146
2024/6/24 8:30,12.17,3586,1020.708334,10.55,26.65,4.5,1,320,0,77.5,186
2024/6/24 9:00,12.78,3868,1218.916667,10.7,27.7,4,1,290,0,73,226
2024/6/24 9:30,12.51,4016,1334.916667,11.075,28.7,4,2,230,0,70,251
2024/6/24 10:00,12.22,4164,1450.916667,11.45,29.7,4,3,170,0,67,276
2024/6/24 10:30,12.02,4274,1479.916667,11.4,30.2,4.5,3,160,0,67.5,292.5
2024/6/24 11:00,12.13,4384,1508.916667,11.35,30.7,5,3,150,0,68,309
2024/6/24 11:30,12.23,4402.5,1464.25,11.75,31.6,5,2.5,160,0,65.5,314.5
2024/6/24 12:00,11.87,4421,1419.583333,12.15,32.5,5,2,170,0,63,320
2024/6/24 12:30,11.85,4509.5,1329.5,11.825,32.7,5.5,3,165,0,62,311.5
2024/6/24 13:00,13.81,4598,1239.416667,11.5,32.9,6,4,160,0,61,303
2024/6/24 13:30,15,4602,1093.541667,11.3,32.4,6,4,160,0,61.5,284
2024/6/24 14:00,15.65,4606,947.6666667,11.1,31.9,6,4,160,0,62,265
2024/6/24 14:30,17.5,4523,737.7916667,11.1,31.4,6.5,4,155,0,64.5,239
2024/6/24 15:00,17.5,4440,527.9166667,11.1,30.9,7,4,150,0,67,213
2024/6/24 15:30,18.08,4355,412.25,10.775,30.75,7,4,150,0,65.5,188
2024/6/24 16:00,21.3,4270,296.5833333,10.45,30.6,7,4,150,0,64,163
2024/6/24 16:30,21.3,4187,212.625,9.6,30.35,7,3.5,150,0,66.5,136
2024/6/24 17:00,21.3,4104,128.6666667,8.75,30.1,7,3,150,0,69,109
2024/6/24 17:30,20,4062,74.83333335,8.225,29.55,7,3,155,0,70,84
2024/6/24 18:00,20,4020,21,7.7,29,7,3,160,0,71,59
2024/6/24 18:30,21.3,3966,10.5,6.975,28.4,7,3,160,0,73.5,33.5
2024/6/24 19:00,21.3,3912,0,6.25,27.8,7,3,160,0,76,8
2024/6/24 19:30,20,3807.5,0,5.8,27.1,7,3.5,160,0,78,4
2024/6/24 20:00,17.32,3703,0,5.35,26.4,7,4,160,0,80,0
2024/6/24 20:30,15.67,3584.5,0,5,26.15,7,2.5,165,0,81.5,0
2024/6/24 21:00,13.39,3466,0,4.65,25.9,7,1,170,0,83,0
2024/6/24 21:30,13,3367,0,4.35,25.45,6.5,1,150,0,85,0
2024/6/24 22:00,13.43,3268,0,4.05,25,6,1,130,0,87,0
2024/6/24 22:30,13.62,3158.5,0,4.275,25.25,6,1.5,105,0,84.5,0
2024/6/24 23:00,13.72,3049,0,4.5,25.5,6,2,80,0,82,0
2024/6/24 23:30,13.18,2913.5,0,4.9,25.3,5.5,1.5,220,0.04,84,0
2024/6/25 0:00,13.04,2778,0,5.3,25.1,5,1,360,0.08,86,0
2024/6/25 0:30,12.81,2690,0,4.9,25.1,4.5,1.5,350,0.055,85.5,0
2024/6/25 1:00,12.75,2602,0,4.5,25.1,4,2,340,0.03,85,0
2024/6/25 1:30,12.62,2564.5,0,4.225,25.35,4,1.5,350,0.015,84,0
2024/6/25 2:00,12.32,2527,0,3.95,25.6,4,1,360,0,83,0
2024/6/25 2:30,12.28,2522,0,3.65,25.25,3.5,1,360,0,86.5,0
2024/6/25 3:00,12.45,2517,0,3.35,24.9,3,1,360,0,90,0
2024/6/25 3:30,12.4,2524.5,0.041666667,3.325,24.9,3.5,1,330,0,90,0
2024/6/25 4:00,12.33,2532,0.083333333,3.3,24.9,4,1,300,0,90,0
2024/6/25 4:30,12.33,2553.5,32.41666667,2.975,24.85,5,1,290,0,90,1
2024/6/25 5:00,12.16,2575,64.75,2.65,24.8,6,1,280,0,90,2
2024/6/25 5:30,11.76,2681.5,139.375,2.45,25.45,6.5,1.5,300,0,87,8.5
2024/6/25 6:00,11.76,2788,214,2.25,26.1,7,2,320,0,84,15
2024/6/25 6:30,11.76,2962,302.7916667,2.075,26.25,7,1.5,315,0,84,32
2024/6/25 7:00,11.76,3136,391.5833333,1.9,26.4,7,1,310,0,84,49
2024/6/25 7:30,11.87,3386.5,548.0416667,1.925,26.8,7,1,295,0.01,81,74
2024/6/25 8:00,12.19,3637,704.5,1.95,27.2,7,1,280,0.02,78,99
2024/6/25 8:30,12.81,3867.5,806.4166667,1.9,27.45,7,1.5,270,0.01,78,129.5
2024/6/25 9:00,13.12,4098,908.3333333,1.85,27.7,7,2,260,0,78,160
2024/6/25 9:30,13.62,4122,852.875,2.125,28.1,7,2,260,0,75,186
2024/6/25 10:00,12.83,4146,797.4166667,2.4,28.5,7,2,260,0,72,212
2024/6/25 10:30,12.36,4196.5,840.9583334,2.5,28.95,7,2,235,0,70.5,234
2024/6/25 11:00,12.19,4247,884.5,2.6,29.4,7,2,210,0,69,256
2024/6/25 11:30,12.25,4258.5,925.6666667,2.9,30.45,7,2.5,205,0,67.5,270
2024/6/25 12:00,10.77,4270,966.8333333,3.2,31.5,7,3,200,0,66,284
2024/6/25 12:30,10.77,4335,941.5,3.625,30.6,7,3.5,175,0,66.5,258.5
2024/6/25 13:00,10.77,4400,916.1666667,4.05,29.7,7,4,150,0,67,233
2024/6/25 13:30,11.01,4391.5,829.0833334,4.9,29.75,7,3.5,175,0,67,197
2024/6/25 14:00,12.7,4383,742,5.75,29.8,7,3,200,0,67,161
2024/6/25 14:30,13.19,4364.5,660.5,6.25,30.25,7,3.5,195,0,64.5,123
2024/6/25 15:00,14.29,4346,579,6.75,30.7,7,4,190,0,62,85
2024/6/25 15:30,15.65,4326,460.4583334,7.575,30.6,7,3.5,195,0,62,75
2024/6/25 16:00,17.51,4306,341.9166667,8.4,30.5,7,3,200,0,62,65
2024/6/25 16:30,18.12,4227,235.7916667,9.125,30.05,7,3,180,0,66,54.5
2024/6/25 17:00,18.08,4148,129.6666667,9.85,29.6,7,3,160,0,70,44
2024/6/25 17:30,18.26,4103,75.41666669,10.95,29.25,7,2.5,170,0.01,70.5,34
2024/6/25 18:00,18.31,4058,21.16666667,12.05,28.9,7,2,180,0.02,71,24
2024/6/25 18:30,16.48,4018,10.58333334,12.125,28.7,7,2,175,0.01,71,13.5
2024/6/25 19:00,19.71,3978,0,12.2,28.5,7,2,170,0,71,3
2024/6/25 19:30,18.22,3880,0,11.85,28.7,7,2,180,0,70,1.5
2024/6/25 20:00,18.08,3782,0,11.5,28.9,7,2,190,0,69,0
2024/6/25 20:30,16.19,3668.5,0,11.225,28.35,7,1.5,185,0,70.5,0
2024/6/25 21:00,14.52,3555,0,10.95,27.8,7,1,180,0,72,0
2024/6/25 21:30,13.61,3457.5,0,10.725,27.3,7,1,160,0,75.5,0
2024/6/25 22:00,14.24,3360,0,10.5,26.8,7,1,140,0,79,0
2024/6/25 22:30,13.39,3249.5,0,10.425,26.65,7,1,110,0,80.5,0
2024/6/25 23:00,13.1,3139,0,10.35,26.5,7,1,80,0,82,0
2024/6/25 23:30,12.81,2998.5,0,10.025,26.35,7,1,175,0,82,0
2024/6/26 0:00,12.56,2858,0,9.7,26.2,7,1,270,0,82,0
2024/6/26 0:30,12.28,2766,0,9.725,26.3,7,1,310,0,81.5,0
2024/6/26 1:00,12.12,2674,0,9.75,26.4,7,1,350,0,81,0
2024/6/26 1:30,12.11,2631.5,0,9.775,26.35,7,1,330,0,81,0
2024/6/26 2:00,11.97,2589,0,9.8,26.3,7,1,310,0,81,0
2024/6/26 2:30,12.11,2579.5,0,9.825,26.1,7,1,315,0,82,0
2024/6/26 3:00,11.97,2570,0,9.85,25.9,7,1,320,0,83,0
2024/6/26 3:30,11.97,2564,0.041666667,10.25,25.5,7,1,170,0,84.5,0
2024/6/26 4:00,11.97,2558,0.083333333,10.65,25.1,7,1,20,0,86,0
2024/6/26 4:30,11.97,2585.5,21.20833333,10.575,25.2,7,2,170,0,85.5,0.5
2024/6/26 5:00,11.83,2613,42.33333333,10.5,25.3,7,3,320,0,85,1
2024/6/26 5:30,11.94,2700.5,101.25,10.525,25.5,7,3,335,0,83.5,8
2024/6/26 6:00,11.39,2788,160.1666667,10.55,25.7,7,3,350,0,82,15
2024/6/26 6:30,11.69,2961.5,245.3333334,10.675,26,7,2,185,0,81,35
2024/6/26 7:00,11.73,3135,330.5,10.8,26.3,7,1,20,0,80,55
2024/6/26 7:30,12.16,3359,475.3333334,10.475,26.6,7,1,185,0,78.5,85.5
2024/6/26 8:00,12.8,3583,620.1666667,10.15,26.9,7,1,350,0,77,116
2024/6/26 8:30,15.58,3880,838.9166669,10.1,27.55,7,2,185,0,75,153.5
2024/6/26 9:00,17.5,4177,1057.666667,10.05,28.2,7,3,20,0,73,191
2024/6/26 9:30,15.6,4214,1077.375,10.4,28.35,7,2,170,0,74,201.5
2024/6/26 10:00,13.21,4251,1097.083333,10.75,28.5,7,1,320,0,75,212
2024/6/26 10:30,12.93,4347,1195.458333,10.675,29.1,7,2,170,0.01,72.5,210.5
2024/6/26 11:00,12.57,4443,1293.833333,10.6,29.7,7,3,20,0.02,70,209
2024/6/26 11:30,12.32,4399,1267.833333,10.95,29.6,7,2.5,55,0.025,66.5,195
2024/6/26 12:00,12.04,4355,1241.833333,11.3,29.5,7,2,90,0.03,63,181
2024/6/26 12:30,12.04,4390.5,1190.083333,10.95,29.5,7,2,75,0.035,64,189
2024/6/26 13:00,13.18,4426,1138.333333,10.6,29.5,7,2,60,0.04,65,197
2024/6/26 13:30,15.81,4428,1085.625,10.7,28.9,7,4,105,0.045,69,196.5
2024/6/26 14:00,15.84,4430,1032.916667,10.8,28.3,7,6,150,0.05,73,196
2024/6/26 14:30,13.61,4369,891.6250002,10.95,28.6,7,5,150,0.055,70.5,187
2024/6/26 15:00,12.08,4308,750.3333333,11.1,28.9,7,4,150,0.06,68,178
2024/6/26 15:30,12.76,4246,605.375,10.825,28.8,7,4,160,0.08,66,159.5
2024/6/26 16:00,12.83,4184,460.4166667,10.55,28.7,7,4,170,0.1,64,141
2024/6/26 16:30,13.01,4052.5,319.375,10.45,27.95,7,4,160,0.115,65,119.5
2024/6/26 17:00,13.01,3921,178.3333333,10.35,27.2,7,4,150,0.13,66,98
2024/6/26 17:30,13.5,3862,103.2916667,10.225,26.85,7,4.5,145,0.095,68.5,76
2024/6/26 18:00,13.76,3803,28.25,10.1,26.5,7,5,140,0.06,71,54
2024/6/26 18:30,14.6,3754.5,14.125,10,26.25,7,4,140,0.03,70.5,30.5
2024/6/26 19:00,13.94,3706,0,9.9,26,7,3,140,0,70,7
2024/6/26 19:30,13.59,3613.5,0,9.25,25.85,7,2.5,130,0,71,3.5
2024/6/26 20:00,13.09,3521,0,8.6,25.7,7,2,120,0,72,0
2024/6/26 20:30,12.8,3414.5,0,8.375,25.45,7,1.5,105,0.015,70.5,0
2024/6/26 21:00,12.75,3308,0,8.15,25.2,7,1,90,0.03,69,0
2024/6/26 21:30,12.45,3214.5,0,7.675,25.45,7,2.5,95,0.035,66,0
2024/6/26 22:00,12.41,3121,0,7.2,25.7,7,4,100,0.04,63,0
2024/6/26 22:30,11.6,3019,0,6.55,25.5,7,4,90,0.035,62,0
2024/6/26 23:00,11.5,2917,0,5.9,25.3,7,4,80,0.03,61,0
2024/6/26 23:30,11.15,2798,0,5.675,25.15,7,3,80,0.015,62,0
2024/6/27 0:00,12.33,2679,0,5.45,25,7,2,80,0,63,0
2024/6/27 0:30,11.82,2596.5,0,5.4,24.9,7,1.5,105,0,63,0
2024/6/27 1:00,11.73,2514,0,5.35,24.8,7,1,130,0,63,0
2024/6/27 1:30,11.6,2480.5,0,4.725,24.75,7,2,80,0,64,0
2024/6/27 2:00,11.51,2447,0,4.1,24.7,7,3,30,0,65,0
2024/6/27 2:30,11.49,2450.5,0,4.05,24.45,7,2,20,0,67,0
2024/6/27 3:00,11.37,2454,0,4,24.2,7,1,10,0,69,0
2024/6/27 3:30,11.37,2453,0.041666667,3.925,24.05,7,1.5,10,0,71.5,0
2024/6/27 4:00,11.37,2452,0.083333333,3.85,23.9,7,2,10,0,74,0
2024/6/27 4:30,11.37,2458.5,25.08333333,3.85,23.9,7,1.5,20,0,75,0.5
2024/6/27 5:00,11.37,2465,50.08333333,3.85,23.9,7,1,30,0,76,1
2024/6/27 5:30,10.78,2541,126.6666667,3.45,23.8,7,1,40,0,76.5,10.5
2024/6/27 6:00,10.78,2617,203.25,3.05,23.7,7,1,50,0,77,20
2024/6/27 6:30,9.8,2777,331.5,2.625,24.05,7,2.5,45,0,74.5,34
2024/6/27 7:00,10.78,2937,459.75,2.2,24.4,7,4,40,0,72,48
2024/6/27 7:30,10.78,3211,632.3333334,2.025,25.15,7,3.5,65,0,67.5,65.5
2024/6/27 8:00,11.72,3485,804.9166667,1.85,25.9,7,3,90,0,63,83
2024/6/27 8:30,12.2,3661,886,1.725,25.6,7,2,75,0,65.5,102.5
2024/6/27 9:00,13,3837,967.0833333,1.6,25.3,7,1,60,0,68,122
2024/6/27 9:30,13.1,3898.5,1039.166667,1.575,25.9,7,2,80,0,63.5,152.5
2024/6/27 10:00,12.95,3960,1111.25,1.55,26.5,7,3,100,0,59,183
2024/6/27 10:30,12.81,4005.5,1181.625,1.45,26.45,6.5,3,130,0,60.5,212
2024/6/27 11:00,12.43,4051,1252,1.35,26.4,6,3,160,0,62,241
2024/6/27 11:30,12.17,4049,1295.416667,1.35,27.55,6,3.5,160,0,61.5,262.5
2024/6/27 12:00,11.72,4047,1338.833333,1.35,28.7,6,4,160,0,61,284
2024/6/27 12:30,11.29,4104,1275.083333,1.375,28.75,6,4.5,145,0,58.5,278
2024/6/27 13:00,11.85,4161,1211.333333,1.4,28.8,6,5,130,0,56,272
2024/6/27 13:30,12.11,4155,1092.625,1.45,28.4,6.5,5,140,0,57,256.5
2024/6/27 14:00,12.26,4149,973.9166667,1.5,28,7,5,150,0,58,241
2024/6/27 14:30,12.55,4074,797.5416667,1.45,27.8,7,5,150,0,60,219
2024/6/27 15:00,12.31,3999,621.1666667,1.4,27.6,7,5,150,0,62,197
2024/6/27 15:30,12.45,3936.5,471.5833334,1.55,27.05,7,5.5,140,0,63,161.5
2024/6/27 16:00,12.7,3874,322,1.7,26.5,7,6,130,0,64,126
2024/6/27 16:30,13,3786,223.0416667,1.7,26.55,7.5,5,155,0.01,66.5,96
2024/6/27 17:00,13,3698,124.0833333,1.7,26.6,8,4,180,0.02,69,66
2024/6/27 17:30,13.19,3661,72.45833332,1.825,26.15,8,4.5,165,0.025,71.5,45
2024/6/27 18:00,13.82,3624,20.83333333,1.95,25.7,8,5,150,0.03,74,24
2024/6/27 18:30,13.83,3584.5,10.41666667,2.025,25.3,8,4.5,150,0.015,75.5,14
2024/6/27 19:00,15.11,3545,0,2.1,24.9,8,4,150,0,77,4
2024/6/27 19:30,14.27,3463,0,2.35,24.65,7.5,4,165,0,77.5,2
2024/6/27 20:00,13.09,3381,0,2.6,24.4,7,4,180,0,78,0
2024/6/27 20:30,13.01,3285,0,2.8,24.15,7,3.5,165,0,79,0
2024/6/27 21:00,12.92,3189,0,3,23.9,7,3,150,0,80,0
2024/6/27 21:30,12.83,3110,0,3,23.8,7,3.5,155,0,81.5,0
2024/6/27 22:00,13,3031,0,3,23.7,7,4,160,0,83,0
2024/6/27 22:30,12.88,2947,0,2.975,23.7,7,3.5,150,0,83.5,0
2024/6/27 23:00,13.05,2863,0,2.95,23.7,7,3,140,0,84,0
2024/6/27 23:30,12.73,2755.5,0,2.525,23.5,7.5,3,140,0,84,0
2024/6/28 0:00,12.73,2648,0,2.1,23.3,8,3,140,0,84,0
2024/6/28 0:30,12,2566,0,1.95,23.35,8,2.5,155,0.015,83,0
2024/6/28 1:00,12.02,2484,0,1.8,23.4,8,2,170,0.03,82,0
2024/6/28 1:30,11.94,2458,0,1.75,23,8,1.5,170,0.03,84.5,0
2024/6/28 2:00,12,2432,0,1.7,22.6,8,1,170,0.03,87,0
2024/6/28 2:30,11.94,2432.5,0,1.6,22.2,8,1.5,195,0.03,90.5,0
2024/6/28 3:00,11.87,2433,0,1.5,21.8,8,2,220,0.03,94,0
2024/6/28 3:30,11.87,2441,0.041666667,1.35,21.55,8,1.5,270,0.105,96.5,0
2024/6/28 4:00,11.73,2449,0.083333333,1.2,21.3,8,1,320,0.18,99,0
2024/6/28 4:30,11.73,2463.5,8.000000002,1.125,21.4,8,1,290,0.195,99.5,0
2024/6/28 5:00,11.72,2478,15.91666667,1.05,21.5,8,1,260,0.21,100,0
2024/6/28 5:30,11.6,2550,27.29166667,1.05,21.7,8,1,230,0.375,100,2.5
2024/6/28 6:00,10.85,2622,38.66666667,1.05,21.9,8,1,200,0.54,100,5
2024/6/28 6:30,11.69,2766.5,50.04166667,1.25,22.05,8,1,190,1.105,100,8
2024/6/28 7:00,12,2911,61.41666667,1.45,22.2,8,1,180,1.67,100,11
2024/6/28 7:30,12.17,3090.5,79.41666667,2.1,21.95,8,1,175,2.205,100,14.5
2024/6/28 8:00,11.77,3270,97.41666667,2.75,21.7,8,1,170,2.74,100,18
2024/6/28 8:30,12.8,3412,116.7083333,3,21.85,8,1.5,165,3.34,100,21.5
2024/6/28 9:00,13.69,3554,136,3.25,22,8,2,160,3.94,100,25
2024/6/28 9:30,14.5,3587,148.2916667,3.25,22.15,8,3,155,4.075,100,28
2024/6/28 10:00,14.5,3620,160.5833333,3.25,22.3,8,4,150,4.21,100,31
2024/6/28 10:30,13.72,3637,153.9583333,3.425,22.6,8,3.5,145,3.39,98.5,33
2024/6/28 11:00,13.07,3654,147.3333333,3.6,22.9,8,3,140,2.57,97,35
2024/6/28 11:30,12.75,3571,128.7083333,4.225,22.65,8,3.5,145,2.5,98,36
2024/6/28 12:00,12.36,3488,110.0833333,4.85,22.4,8,4,150,2.43,99,37
2024/6/28 12:30,12.2,3510,115.6666667,5.25,21.45,8,3.5,180,3.31,99,36.5
2024/6/28 13:00,12.42,3532,121.25,5.65,20.5,8,3,210,4.19,99,36
2024/6/28 13:30,12.57,3538,125.3333334,6.3,21.1,8,2.5,205,5.16,99,34.5
2024/6/28 14:00,12.93,3544,129.4166667,6.95,21.7,8,2,200,6.13,99,33
2024/6/28 14:30,13.12,3539.5,123.0833334,7.375,21.95,8,1.5,230,6.375,99,30.5
2024/6/28 15:00,13.18,3535,116.75,7.8,22.2,8,1,260,6.62,99,28
2024/6/28 15:30,14.51,3523,91.20833333,8.5,22.25,8,1,275,4.435,99.5,24.5
2024/6/28 16:00,14.47,3511,65.66666667,9.2,22.3,8,1,290,2.25,100,21
2024/6/28 16:30,14.84,3468,46.83333334,10.25,22.25,8,1.5,305,2.35,100,17.5
2024/6/28 17:00,13.72,3425,28,11.3,22.2,8,2,320,2.45,100,14
2024/6/28 17:30,13.69,3399.5,16.75,12.25,22.1,8,1.5,305,2.875,100,11
2024/6/28 18:00,13.39,3374,5.5,13.2,22,8,1,290,3.3,100,8
2024/6/28 18:30,14,3341,2.75,13.5,21.95,8,1,295,3.34,100,4.5
2024/6/28 19:00,13.2,3308,0,13.8,21.9,8,1,300,3.38,100,1
2024/6/28 19:30,13,3236.5,0,13.775,21.95,8,1.5,295,3.365,100,0.5
2024/6/28 20:00,12.83,3165,0,13.75,22,8,2,290,3.35,100,0
2024/6/28 20:30,12.83,3078,0,13.775,21.95,8,1.5,165,3.06,100,0
2024/6/28 21:00,12.54,2991,0,13.8,21.9,8,1,40,2.77,100,0
2024/6/28 21:30,12.19,2930,0,13.65,21.8,8,1.5,200,1.995,100,0
2024/6/28 22:00,12.73,2869,0,13.5,21.7,8,2,360,1.22,100,0
2024/6/28 22:30,12.6,2791.5,0,13.4,21.65,8,1.5,185,0.845,100,0
2024/6/28 23:00,12.54,2714,0,13.3,21.6,8,1,10,0.47,100,0
2024/6/28 23:30,12.55,2610.5,0,11.025,21.55,8,1.5,180,0.4,100,0
2024/6/29 0:00,12.65,2507,0,8.75,21.5,8,2,350,0.33,100,0
2024/6/29 0:30,12.01,2441,0,8.375,21.3,8,1.5,195,0.23,100,0
2024/6/29 1:00,11.84,2375,0,8,21.1,8,1,40,0.13,100,0
2024/6/29 1:30,12,2345,0,7.625,20.95,8,1,55,0.155,100,0
2024/6/29 2:00,11.83,2315,0,7.25,20.8,8,1,70,0.18,100,0
2024/6/29 2:30,11.88,2321,0,6.85,20.8,8,1,55,0.155,100,0
2024/6/29 3:00,11.88,2327,0,6.45,20.8,8,1,40,0.13,100,0
2024/6/29 3:30,11.84,2325,0,6.05,20.75,8,1,65,0.11,100,0
2024/6/29 4:00,11.84,2323,0,5.65,20.7,8,1,90,0.09,100,0
2024/6/29 4:30,11.82,2311.5,10.625,5.3,20.85,8,1,210,0.07,100,0
2024/6/29 5:00,11.67,2300,21.25,4.95,21,8,1,330,0.05,100,0
2024/6/29 5:30,10.1,2309,56.08333334,4.45,21.2,8,1,335,0.065,100,2.5
2024/6/29 6:00,9.49,2318,90.91666667,3.95,21.4,8,1,340,0.08,100,5
2024/6/29 6:30,9.26,2376,150.375,3.55,21.55,8,1,195,0.065,100,8
2024/6/29 7:00,4,2434,209.8333333,3.15,21.7,8,1,50,0.05,100,11
2024/6/29 7:30,1,2522.5,304.2083333,2.975,21.85,8,1.5,45,0.04,99,14.5
2024/6/29 8:00,3,2611,398.5833333,2.8,22,8,2,40,0.03,98,18
2024/6/29 8:30,5,2740.5,529.0833333,2.55,22.3,8,1.5,175,0.03,96,21.5
2024/6/29 9:00,3,2870,659.5833333,2.3,22.6,8,1,310,0.03,94,25
2024/6/29 9:30,3,2922.5,788.5,2.175,23.55,8,1.5,175,0.03,91.5,39
2024/6/29 10:00,1,2975,917.4166667,2.05,24.5,8,2,40,0.03,89,53
2024/6/29 10:30,1,3091,1068.166667,1.825,24.35,7.5,2.5,40,0.015,84.5,69
2024/6/29 11:00,1,3207,1218.916667,1.6,24.2,7,3,40,0,80,85
2024/6/29 11:30,0.1,3242,1268.25,1.475,24.75,7,2,200,0,79.5,99.5
2024/6/29 12:00,1,3277,1317.583333,1.35,25.3,7,1,360,0,79,114
2024/6/29 12:30,1,3300,1309.5,1.325,26.2,7,1.5,195,0,74.5,130
2024/6/29 13:00,3,3323,1301.416667,1.3,27.1,7,2,30,0,70,146
2024/6/29 13:30,6,3315.5,1223.666667,1.225,26.8,6.5,2,55,0,72,154
2024/6/29 14:00,8.03,3308,1145.916667,1.15,26.5,6,2,80,0,74,162
2024/6/29 14:30,8.04,3294.5,1009.625,1.25,26.9,6,2,135,0,73.5,160
2024/6/29 15:00,10.82,3281,873.3333333,1.35,27.3,6,2,190,0,73,158
2024/6/29 15:30,11.1,3273.5,704.125,1.45,27.65,5.5,2.5,185,0,70,158.5
2024/6/29 16:00,10.85,3266,534.9166667,1.55,28,5,3,180,0,67,159
2024/6/29 16:30,12.43,3254.5,380.625,1.575,27.65,4,3,165,0,69,142
2024/6/29 17:00,12.95,3243,226.3333333,1.6,27.3,3,3,150,0,71,125
2024/6/29 17:30,13.03,3225.5,133.125,1.725,26.7,2.5,3,160,0,71.5,99
2024/6/29 18:00,13.07,3208,39.91666667,1.85,26.1,2,3,170,0,72,73
2024/6/29 18:30,13.2,3195.5,19.95833334,1.975,25.45,2,3,180,0,76,41.5
2024/6/29 19:00,13.89,3183,0,2.1,24.8,2,3,190,0,80,10
2024/6/29 19:30,13.7,3121.5,0,2.525,24.65,1.5,3.5,200,0,80,5
2024/6/29 20:00,13.07,3060,0,2.95,24.5,1,4,210,0,80,0
2024/6/29 20:30,13.14,2974.5,0,3.075,23.95,1,2.5,195,0,82.5,0
2024/6/29 21:00,12.78,2889,0,3.2,23.4,1,1,180,0,85,0
2024/6/29 21:30,12.88,2817,0,3.2,23.15,1.5,2,180,0,87,0
2024/6/29 22:00,12.92,2745,0,3.2,22.9,2,3,180,0,89,0
2024/6/29 22:30,12.52,2679,0,3.25,22.75,2.5,2.5,180,0,89.5,0
2024/6/29 23:00,12.47,2613,0,3.3,22.6,3,2,180,0,90,0
2024/6/29 23:30,12.47,2530,0,3.15,22.75,3.5,3,185,0,90.5,0
2024/6/30 0:00,12.52,2447,0,3,22.9,4,4,190,0,91,0
2024/6/30 0:30,11.82,2372.5,0,3,23.05,4.5,4,185,0,91.5,0
2024/6/30 1:00,11.77,2298,0,3,23.2,5,4,180,0,92,0
2024/6/30 1:30,11.64,2272.5,0,3,23.15,5.5,3,185,0,92.5,0
2024/6/30 2:00,11.67,2247,0,3,23.1,6,2,190,0,93,0
2024/6/30 2:30,11.64,2253.5,0,2.75,23.3,6.5,2.5,190,0,93,0
2024/6/30 3:00,11.47,2260,0,2.5,23.5,7,3,190,0,93,0
2024/6/30 3:30,11.6,2258.5,0,2.5,23.6,7,2,195,0,92.5,0
2024/6/30 4:00,11.47,2257,0,2.5,23.7,7,1,200,0,92,0
2024/6/30 4:30,11.62,2244,22.91666667,2.5,23.75,7.5,1,190,0,92,0
2024/6/30 5:00,11.62,2231,45.83333333,2.5,23.8,8,1,180,0,92,0
2024/6/30 5:30,11.36,2230.5,88.16666667,2.25,24.05,8,1.5,195,0,92,2.5
2024/6/30 6:00,10.82,2230,130.5,2,24.3,8,2,210,0,92,5
2024/6/30 6:30,10.07,2297,188.875,2,24.5,8,1.5,195,0,90.5,14
2024/6/30 7:00,5.1,2364,247.25,2,24.7,8,1,180,0,89,23
2024/6/30 7:30,9.53,2483,326.875,2,25.35,7.5,2,195,0,86,39
2024/6/30 8:00,7.34,2602,406.5,2,26,7,3,210,0,83,55
2024/6/30 8:30,8.58,2714.5,450.875,2.5,26.5,7,2,215,0,82,77.5
2024/6/30 9:00,9.87,2827,495.25,3,27,7,1,220,0,81,100
2024/6/30 9:30,9.21,2900,539.75,3,26.75,7,1,190,0,82.5,112
2024/6/30 10:00,8.96,2973,584.25,3,26.5,7,1,160,0,84,124
2024/6/30 10:30,8.96,3027,615.7916667,3.5,27.1,7,2.5,185,0,77.5,132.5
2024/6/30 11:00,8.58,3081,647.3333333,4,27.7,7,4,210,0,71,141
2024/6/30 11:30,10.2,3129.5,639.875,4.75,28.1,7,3,205,0,71.5,145
2024/6/30 12:00,10.74,3178,632.4166667,5.5,28.5,7,2,200,0,72,149
2024/6/30 12:30,10.82,3191,561.375,6,28.35,7,3.5,210,0,72,163
2024/6/30 13:00,10.82,3204,490.3333333,6.5,28.2,7,5,220,0,72,177
2024/6/30 13:30,11.4,3156,394.2083333,7,28.05,7,5,215,0,73,182.5
2024/6/30 14:00,15.6,3108,298.0833333,7.5,27.9,7,5,210,0,74,188
2024/6/30 14:30,10.85,3095,267.8333333,8,27.6,7,4.5,215,0,76,183.5
2024/6/30 15:00,11.88,3082,237.5833333,8.5,27.3,7,4,220,0,78,179
2024/6/30 15:30,15.6,3120,198.4583333,9.5,27.2,7,4.5,210,0.06,79,160
2024/6/30 16:00,12.86,3158,159.3333333,10.5,27.1,7,5,200,0.12,80,141
2024/6/30 16:30,12.74,3189,109.1666667,11.5,26.8,7,5.5,200,0.17,81,119.5
2024/6/30 17:00,12.96,3220,59,12.5,26.5,7,6,200,0.22,82,98
2024/6/30 17:30,13.65,3250.5,33.79166667,14,26.5,7,6,195,0.185,81.5,76
2024/6/30 18:00,13.23,3281,8.583333333,15.5,26.5,7,6,190,0.15,81,54
2024/6/30 18:30,13.7,3282.5,4.291666667,16,25.85,7,5.5,190,0.105,86,30.5
2024/6/30 19:00,14.62,3284,0,16.5,25.2,7,5,190,0.06,91,7
2024/6/30 19:30,13.37,3234.5,0,17,25.2,7,6,190,0.065,91,3.5
2024/6/30 20:00,12.92,3185,0,17.5,25.2,7,7,190,0.07,91,0
2024/6/30 20:30,12.95,3116,0,17.5,25.5,7,7,190,0.065,88,0
2024/6/30 21:00,12.5,3047,0,17.5,25.8,7,7,190,0.06,85,0
2024/6/30 21:30,12.74,2968,0,-40.75,26.15,7,7,190,0.03,82.5,0
2024/6/30 22:00,12.4,2889,0,-40.75,26.5,7,7,190,0,80,0
2024/6/30 22:30,12.4,2816,0,-40.75,26.35,7,7,190,0,81.5,0
2024/6/30 23:00,12.3,2743,0,-40.75,26.2,7,7,190,0,83,0
2024/6/30 23:30,12.24,2743,0,-40.75,26.2,7,7,190,0,83,0
